B,EQ_COMPARETO_USE_OBJECT_EQUALS,2,16,commons-codec,161677911f5ab798708503eb13859e8403281c7f,29524ee6b16bde662d61c69635760f574f12c1b7,src/java/org/apache/commons/codec/language/bm/Rule.java,98,112,eafc2b9db93198b247c9481f9934226c11a12fb9,src/java/org/apache/commons/codec/language/bm/Rule.java,compareTo(Lorg/apache/commons/codec/language/bm/Rule$Phoneme;)I,NO_FIELD,fixed
I,DM_DEFAULT_ENCODING,1,19,commons-codec,f4fc386ef66d0f2b2fda3578cc83312b69804813,f983a961455efed4dbfbfb7623e43941ba8d31e3,src/test/java/org/apache/commons/codec/binary/Base64Test.java,835,835,afc89ebca46a71a9a3a91c9ddea6e17b49282479,src/test/java/org/apache/commons/codec/binary/Base64Test.java,testSingletonsChunked()V,NO_FIELD,fixed
D,PZLA_PREFER_ZERO_LENGTH_ARRAYS,3,20,commons-codec,a7c97274a35913bae9b3856e301c8dcf16acc36f,778eb5418ac6627e67ffd69252d45f8f9fb2284a,src/test/java/org/apache/commons/codec/binary/Base64Codec13Test.java,514,514,622088ba07b5b9452b73e2b2867549540e431732,src/test/java/org/apache/commons/codec/binary/Base64Codec13Test.java,utf8(Ljava/lang/String;)[B,NO_FIELD,fixed
I,DM_DEFAULT_ENCODING,1,19,commons-codec,f4fc386ef66d0f2b2fda3578cc83312b69804813,f983a961455efed4dbfbfb7623e43941ba8d31e3,src/test/java/org/apache/commons/codec/binary/Base64Test.java,513,513,afc89ebca46a71a9a3a91c9ddea6e17b49282479,src/test/java/org/apache/commons/codec/binary/Base64Test.java,testObjectDecodeWithValidParameter()V,NO_FIELD,fixed
D,SF_SWITCH_NO_DEFAULT,2,19,commons-codec,2576c599bbcfc77272cd138fab749df9218ba622,622088ba07b5b9452b73e2b2867549540e431732,src/main/java/org/apache/commons/codec/binary/Base64.java,340,357,0a7bbe29d8ecc70ecb84c7f515ffc2e9394b0a75,src/main/java/org/apache/commons/codec/binary/Base64.java,encode([BII)V,NO_FIELD,fixed
I,DM_DEFAULT_ENCODING,1,19,commons-codec,9a84b3a53b37204c6ae9549ba41037c60f15479b,03ae658e5449d7a3b6c9fa2ee38e712b41d85123,src/test/java/org/apache/commons/codec/digest/DigestUtilsTest.java,294,294,2b32ca08e1097c92d3ee2a1501c43fd8f2b4130d,src/test/java/org/apache/commons/codec/digest/DigestUtilsTest.java,testSha1UpdateWithByteBuffer()V,NO_FIELD,fixed
I,DM_DEFAULT_ENCODING,1,19,commons-codec,a7c97274a35913bae9b3856e301c8dcf16acc36f,21d7caa09a2f0e4565670204e20301f9f8d71ed2,src/test/org/apache/commons/codec2/binary/Base64Test.java,267,267,d905bc98e372c13c1c43ccc60bfa688bf7531e07,src/test/org/apache/commons/codec/binary/Base64Test.java,testDecodePadOnly()V,NO_FIELD,fixed
B,SE_COMPARATOR_SHOULD_BE_SERIALIZABLE,3,20,commons-codec,2576c599bbcfc77272cd138fab749df9218ba622,d911dd89a5b16ca8c16432fc60fcbc8e9ab2aa08,src/java/org/apache/commons/codec/StringEncoderComparator.java,43,71,3400e5ef1c02763ce22c542aa5ec3f9e3ea04067,src/java/org/apache/commons/codec/StringEncoderComparator.java,NO_METHOD,NO_FIELD,fixed
D,PZLA_PREFER_ZERO_LENGTH_ARRAYS,3,20,commons-codec,9a84b3a53b37204c6ae9549ba41037c60f15479b,8d4b53d55d2008339e12eb280d077e072fd6f5fe,src/main/java/org/apache/commons/codec/binary/StringUtils.java,94,94,b5b90e9f6500d72fc68304d4aa1a5f41a4e2e46b,src/main/java/org/apache/commons/codec/binary/StringUtils.java,getBytes(Ljava/lang/String;Ljava/nio/charset/Charset;)[B,NO_FIELD,fixed
D,BC_UNCONFIRMED_CAST,3,20,commons-codec,9a84b3a53b37204c6ae9549ba41037c60f15479b,85cb447f13280ee29c9311a0c78a26f6d10d44dd,src/main/java/org/apache/commons/codec/language/bm/Languages.java,144,144,482df6cabfb288acb6ab3e4a732fdb93aecfa7c2,src/main/java/org/apache/commons/codec/language/bm/Languages.java,merge(Lorg/apache/commons/codec/language/bm/Languages$LanguageSet;)Lorg/apache/commons/codec/language/bm/Languages$LanguageSet;,NO_FIELD,fixed
I,DM_DEFAULT_ENCODING,1,19,commons-codec,081756b86e25ec5ea7bc786e88a7d56b76f88ef9,1b594c035d79b579819753938f5e53d9435b38b8,src/test/java/org/apache/commons/codec/binary/Base16Test.java,253,253,019ee2c989d21bb5de8e26a12bbf87f2f870fa7e,src/test/java/org/apache/commons/codec/binary/Base16Test.java,testKnownEncodings()V,NO_FIELD,fixed
I,DM_DEFAULT_ENCODING,1,19,commons-codec,2bcdfd86643761c239ec40e6e1e2f05855a07f95,b5ce7fae5bb6794d41216756f080a087cb956e90,src/test/java/org/apache/commons/codec/digest/MurmurHash3Test.java,47,47,2d744c87c2c498510f84b5a91dc14ec703d7b022,src/test/java/org/apache/commons/codec/digest/MurmurHash3Test.java,testHashCodeM3_64()V,NO_FIELD,fixed
B,RR_NOT_CHECKED,2,16,commons-codec,9a84b3a53b37204c6ae9549ba41037c60f15479b,0cf3f1169a635c59e27e18598269ccb6ece395a8,src/test/java/org/apache/commons/codec/binary/Base32InputStreamTest.java,425,425,5a03f5a493240f26f27ccabe6b8ac7b701c2d5c5,src/test/java/org/apache/commons/codec/binary/Base32InputStreamTest.java,testReadNull()V,NO_FIELD,fixed
I,DM_DEFAULT_ENCODING,1,19,commons-codec,a7c97274a35913bae9b3856e301c8dcf16acc36f,778eb5418ac6627e67ffd69252d45f8f9fb2284a,src/test/java/org/apache/commons/codec/net/URLCodecTest.java,190,190,622088ba07b5b9452b73e2b2867549540e431732,src/test/java/org/apache/commons/codec/net/URLCodecTest.java,testEncodeUrlWithNullBitSet()V,NO_FIELD,fixed
D,SF_SWITCH_NO_DEFAULT,2,19,commons-codec,0a7bbe29d8ecc70ecb84c7f515ffc2e9394b0a75,0a7bbe29d8ecc70ecb84c7f515ffc2e9394b0a75,src/main/java/org/apache/commons/codec/binary/Base32.java,384,424,5cd45cca92b4ba31d55f2e5d28aacf2a5d3fca22,src/main/java/org/apache/commons/codec/binary/Base32.java,encode([BIILorg/apache/commons/codec/binary/BaseNCodec$Context;)V,NO_FIELD,fixed
I,DM_DEFAULT_ENCODING,1,19,commons-codec,f4fc386ef66d0f2b2fda3578cc83312b69804813,c82fe35c48bd0082c16644d16d82d1be79d6b9d1,src/test/java/org/apache/commons/codec/binary/Base64Test.java,447,447,2ae03e1633ec0a79761b215e8eae2574106bec99,src/test/java/org/apache/commons/codec/binary/Base64Test.java,testKnownEncodings()V,NO_FIELD,fixed
I,DM_DEFAULT_ENCODING,1,19,commons-codec,f4fc386ef66d0f2b2fda3578cc83312b69804813,f983a961455efed4dbfbfb7623e43941ba8d31e3,src/test/java/org/apache/commons/codec/binary/Base64Test.java,944,944,afc89ebca46a71a9a3a91c9ddea6e17b49282479,src/test/java/org/apache/commons/codec/binary/Base64Test.java,testTriplets()V,NO_FIELD,fixed
I,DM_DEFAULT_ENCODING,1,19,commons-codec,a7c97274a35913bae9b3856e301c8dcf16acc36f,778eb5418ac6627e67ffd69252d45f8f9fb2284a,src/test/java/org/apache/commons/codec/binary/Base64Test.java,267,267,622088ba07b5b9452b73e2b2867549540e431732,src/test/java/org/apache/commons/codec/binary/Base64Test.java,testDecodePadOnly()V,NO_FIELD,fixed
D,INT_VACUOUS_BIT_OPERATION,2,17,commons-codec,4008ff9e49715f77cd6ac956b358160b7e416e69,fc393f7bdf6c971cb0dcd977d3015ad5ce524149,src/main/java/org/apache/commons/codec/digest/UnixCrypt.java,420,420,ace1dc41eb128bc0de794b376f446d276f80ef72,src/main/java/org/apache/commons/codec/digest/UnixCrypt.java,desSetKey([B)[I,NO_FIELD,fixed
D,SF_SWITCH_NO_DEFAULT,2,19,commons-codec,3f41cf1609fae7c8848beb0655bcf67132c7a277,176957dc93615f8d0760b354f149af4d8944ad9d,src/main/java/org/apache/commons/codec/binary/Base32.java,324,353,dbb4fe76bfb52518173c4c24e045ead9be1749ab,src/main/java/org/apache/commons/codec/binary/Base32.java,decode([BIILorg/apache/commons/codec/binary/BaseNCodec$Context;)V,NO_FIELD,fixed
C,RV_ABSOLUTE_VALUE_OF_RANDOM_INT,1,7,commons-codec,536ede39c1bd58ae4aa6138103746b94164287ee,982ece6cf0e165bab50586020cf845d20e0a68f0,src/main/java/org/apache/commons/codec/digest/UnixCrypt.java,241,241,f5b26b6aa2b1ab2cb3e7587d0940991b577e1511,src/main/java/org/apache/commons/codec/digest/UnixCrypt.java,crypt([BLjava/lang/String;)Ljava/lang/String;,NO_FIELD,fixed
V,MS_PKGPROTECT,2,18,commons-codec,4cc8b66909d3f530f8509785dfb958d71526f3f0,b0117669677f27a448c8fcafcd1430e2e0a5c3db,src/java/org/apache/commons/codec/language/Soundex.java,50,50,1221af62021d2be25cd161dd8678368b6d785a72,src/java/org/apache/commons/codec/language/Soundex.java,NO_METHOD,US_ENGLISH_MAPPING,fixed
I,DM_DEFAULT_ENCODING,1,19,commons-codec,9a84b3a53b37204c6ae9549ba41037c60f15479b,ef6023c551fc6144fa1f8ac776236dfd712a7a39,src/test/java/org/apache/commons/codec/digest/MurmurHash3Test.java,458,458,f40005ad5a9c892fa8d216b12029a49062224351,src/test/java/org/apache/commons/codec/digest/MurmurHash3Test.java,testHash64()V,NO_FIELD,fixed
D,URF_UNREAD_PUBLIC_OR_PROTECTED_FIELD,3,20,commons-codec,7028095497c29edde3c0f320080f7d4aa5b22c98,31a3522f4eaf9a94e11fba52fab15e34b70906cf,src/java/org/apache/commons/codec/net/URLCodec.java,69,69,95de62c7b90ad22b4051f3d4f61d99cec59ec487,src/java/org/apache/commons/codec/net/URLCodec.java,NO_METHOD,ESCAPE_CHAR,fixed
C,RCN_REDUNDANT_NULLCHECK_WOULD_HAVE_BEEN_A_NPE,2,11,commons-codec,40a63e663caec98771885f8ea4f10c016cce89fe,40a63e663caec98771885f8ea4f10c016cce89fe,src/main/java/org/apache/commons/codec/language/Metaphone.java,94,94,66ba506f5ca0000e8be37b09b053bc58449fc1bd,src/main/java/org/apache/commons/codec/language/Metaphone.java,metaphone(Ljava/lang/String;)Ljava/lang/String;,NO_FIELD,fixed
I,DM_DEFAULT_ENCODING,1,19,commons-codec,2ae03e1633ec0a79761b215e8eae2574106bec99,f983a961455efed4dbfbfb7623e43941ba8d31e3,src/test/java/org/apache/commons/codec/binary/Base64Test.java,400,400,afc89ebca46a71a9a3a91c9ddea6e17b49282479,src/test/java/org/apache/commons/codec/binary/Base64Test.java,testIgnoringNonBase64InDecode()V,NO_FIELD,fixed
D,DLS_DEAD_LOCAL_STORE,3,20,commons-codec,114830d0f1c0ae96b9b546849e2766694fd3e1e4,114830d0f1c0ae96b9b546849e2766694fd3e1e4,src/main/java/org/apache/commons/codec/binary/Base64.java,370,370,1a3a1b306faec5e317c8be2ebb9e54244f6ab57d,src/main/java/org/apache/commons/codec/binary/Base64.java,encode([BIILorg/apache/commons/codec/binary/BaseNCodec$Context;)V,NO_FIELD,fixed
B,RR_NOT_CHECKED,2,16,commons-codec,9a84b3a53b37204c6ae9549ba41037c60f15479b,0cf3f1169a635c59e27e18598269ccb6ece395a8,src/test/java/org/apache/commons/codec/binary/Base32InputStreamTest.java,446,446,5a03f5a493240f26f27ccabe6b8ac7b701c2d5c5,src/test/java/org/apache/commons/codec/binary/Base32InputStreamTest.java,testReadOutOfBounds()V,NO_FIELD,fixed
D,SF_SWITCH_FALLTHROUGH,2,17,commons-codec,2bcdfd86643761c239ec40e6e1e2f05855a07f95,1490fbf959fc0e7bc5d8be43250689ebf625942d,src/main/java/org/apache/commons/codec/digest/MurmurHash3.java,934,936,1645ab953ce98bffaff2424cd0b3d2501e21b04f,src/main/java/org/apache/commons/codec/digest/MurmurHash3.java,end()I,NO_FIELD,fixed
I,DM_DEFAULT_ENCODING,1,19,commons-codec,9a84b3a53b37204c6ae9549ba41037c60f15479b,2b0fecf0fc85fcf69ac76419fe1dafe7c8e988f4,src/main/java/org/apache/commons/codec/digest/MurmurHash3.java,249,249,627b5fde397040acbf234bc132cc0f7cfaf4673e,src/main/java/org/apache/commons/codec/digest/MurmurHash3.java,hash32(Ljava/lang/String;)I,NO_FIELD,fixed
D,PZLA_PREFER_ZERO_LENGTH_ARRAYS,3,20,commons-codec,9a84b3a53b37204c6ae9549ba41037c60f15479b,9f1b740a17f0d54366edfb45df0636b8e302666a,src/main/java/org/apache/commons/codec/binary/StringUtils.java,94,94,e09b236f8850133dd9687d4a0e345e2ffbf79cd1,src/main/java/org/apache/commons/codec/binary/StringUtils.java,getBytes(Ljava/lang/String;Ljava/nio/charset/Charset;)[B,NO_FIELD,fixed
P,URF_UNREAD_FIELD,3,20,commons-codec,ddc7143ed89a6c92bbafb89bbe8e1fc4937a878c,40dee74b30d97410fa0e31b08d484be489afa510,src/java/org/apache/commons/codec/language/bm/PhoneticEngine.java,303,303,cc17109d2cce8ca52f484dde84c38f8ae51a2f63,src/java/org/apache/commons/codec/language/bm/PhoneticEngine.java,NO_METHOD,languageSet,fixed
D,NP_NULL_ON_SOME_PATH_FROM_RETURN_VALUE,2,13,commons-codec,89b1661fde38bd12c4d83b9fbe696db0c8657a78,a7c03cbe5195ee5f8ee618b8bd6710da09ccb5b7,src/main/java/org/apache/commons/codec/cli/Digest.java,116,116,f8c39cfd773d797adc1b4ee19aa8fc17268946ec,src/main/java/org/apache/commons/codec/cli/Digest.java,run(Ljava/lang/String;Ljava/security/MessageDigest;)V,NO_FIELD,fixed
V,EI_EXPOSE_REP2,2,18,commons-codec,d0d8b84cf19eda43894eebf899db6861de852786,981c0002d5accb9ebc056b7a34025fd814c4e17f,src/java/org/apache/commons/codec/language/Soundex.java,117,117,cb63f4a959e30de6882b20af10d189c7307a6da2,src/java/org/apache/commons/codec/language/Soundex.java,<init>([C)V,soundexMapping,fixed
D,SF_SWITCH_NO_DEFAULT,2,19,commons-codec,3f41cf1609fae7c8848beb0655bcf67132c7a277,ab25ca771e463eb6fb0bac8b1866ae670e8e92c0,src/main/java/org/apache/commons/codec/binary/Base64.java,457,467,2c3ce2826244217eeaea4ccf4539d3ab104f725f,src/main/java/org/apache/commons/codec/binary/Base64.java,decode([BIILorg/apache/commons/codec/binary/BaseNCodec$Context;)V,NO_FIELD,fixed
I,DM_DEFAULT_ENCODING,1,19,commons-codec,a7c97274a35913bae9b3856e301c8dcf16acc36f,778eb5418ac6627e67ffd69252d45f8f9fb2284a,src/test/java/org/apache/commons/codec/binary/Base64Test.java,412,412,622088ba07b5b9452b73e2b2867549540e431732,src/test/java/org/apache/commons/codec/binary/Base64Test.java,testKnownDecodings()V,NO_FIELD,fixed
D,NP_LOAD_OF_KNOWN_NULL_VALUE,3,19,commons-codec,a7c97274a35913bae9b3856e301c8dcf16acc36f,d911dd89a5b16ca8c16432fc60fcbc8e9ab2aa08,src/test/org/apache/commons/codec/net/QuotedPrintableCodecTest.java,167,167,3400e5ef1c02763ce22c542aa5ec3f9e3ea04067,src/test/org/apache/commons/codec/net/QuotedPrintableStringCodecTest.java,testDecodeWithNullArray()V,NO_FIELD,fixed
P,SS_SHOULD_BE_STATIC,2,18,commons-codec,924540abc919d32a8aaa92c6f18906f01e64e167,8e5084631769bd7973110cf2e40dd374baaeec19,src/main/java/org/apache/commons/codec/net/PercentCodec.java,45,45,6a706a66c58bc45e81c8f013126802c33cec6d73,src/main/java/org/apache/commons/codec/net/PercentCodec.java,NO_METHOD,ESCAPE_CHAR,fixed
I,DM_DEFAULT_ENCODING,1,19,commons-codec,081756b86e25ec5ea7bc786e88a7d56b76f88ef9,1b594c035d79b579819753938f5e53d9435b38b8,src/test/java/org/apache/commons/codec/binary/Base16Test.java,197,197,019ee2c989d21bb5de8e26a12bbf87f2f870fa7e,src/test/java/org/apache/commons/codec/binary/Base16Test.java,testEncodeDecodeSmall()V,NO_FIELD,fixed
D,SA_FIELD_DOUBLE_ASSIGNMENT,3,20,commons-codec,4cc8b66909d3f530f8509785dfb958d71526f3f0,5e4cef4b366ba808e9ce260278a701d2aea01e84,src/java/org/apache/commons/codec/binary/Base64.java,546,546,0309db6bdcc133c4f6ad871c28fbe468df8f6c55,src/java/org/apache/commons/codec/binary/Base64.java,decode([BII)V,modulus,fixed
D,SF_SWITCH_NO_DEFAULT,2,19,commons-codec,5cd45cca92b4ba31d55f2e5d28aacf2a5d3fca22,f424976a31abcc77c7bd1ce558437e04c7fe68f5,src/main/java/org/apache/commons/codec/binary/Base64.java,453,463,3f41cf1609fae7c8848beb0655bcf67132c7a277,src/main/java/org/apache/commons/codec/binary/Base64.java,decode([BII)V,NO_FIELD,fixed
I,DM_DEFAULT_ENCODING,1,19,commons-codec,2ae03e1633ec0a79761b215e8eae2574106bec99,f983a961455efed4dbfbfb7623e43941ba8d31e3,src/test/java/org/apache/commons/codec/binary/Base64Test.java,291,291,afc89ebca46a71a9a3a91c9ddea6e17b49282479,src/test/java/org/apache/commons/codec/binary/Base64Test.java,testDecodePadOnly()V,NO_FIELD,fixed
B,RR_NOT_CHECKED,2,16,commons-codec,fc3e6769ee8dbc6d1ec06ff50547e1121b47801d,0cf3f1169a635c59e27e18598269ccb6ece395a8,src/test/java/org/apache/commons/codec/binary/Base16InputStreamTest.java,311,311,5a03f5a493240f26f27ccabe6b8ac7b701c2d5c5,src/test/java/org/apache/commons/codec/binary/Base16InputStreamTest.java,testReadNull()V,NO_FIELD,fixed
D,UC_USELESS_CONDITION,2,16,commons-codec,89b1661fde38bd12c4d83b9fbe696db0c8657a78,ba966190a1f61520201b7d62fdf69aa6515e2e73,src/main/java/org/apache/commons/codec/language/MatchRatingApproachEncoder.java,190,190,27388c817bf558af48568ce724b9de080e80e8f1,src/main/java/org/apache/commons/codec/language/MatchRatingApproachEncoder.java,getMinRating(I)I,NO_FIELD,fixed
P,SS_SHOULD_BE_STATIC,2,18,commons-codec,f4fc386ef66d0f2b2fda3578cc83312b69804813,e199951ded476c2dd988490e90092f8beb1cb9b7,src/main/java/org/apache/commons/codec/binary/BaseNCodec.java,156,156,379211207d6d9937e11757714f3c7afadabdf567,src/main/java/org/apache/commons/codec/binary/BaseNCodec.java,NO_METHOD,PAD,fixed
B,RR_NOT_CHECKED,2,16,commons-codec,fc3e6769ee8dbc6d1ec06ff50547e1121b47801d,0cf3f1169a635c59e27e18598269ccb6ece395a8,src/test/java/org/apache/commons/codec/binary/Base16InputStreamTest.java,331,331,5a03f5a493240f26f27ccabe6b8ac7b701c2d5c5,src/test/java/org/apache/commons/codec/binary/Base16InputStreamTest.java,testReadOutOfBounds()V,NO_FIELD,fixed
P,DM_FP_NUMBER_CTOR,3,20,commons-codec,32de66338764b8b75ac2e5b72465ef844caee4e5,e9f1cd80e7f31a8fa4840ad0e62c6fd95869540f,src/test/java/org/apache/commons/codec/net/QuotedPrintableCodecTest.java,235,235,6ab7e0cd7e725cabba6d45ca9963859f7416c395,src/test/java/org/apache/commons/codec/net/QuotedPrintableCodecTest.java,testDecodeObjects()V,NO_FIELD,fixed
P,DM_FP_NUMBER_CTOR,3,20,commons-codec,32de66338764b8b75ac2e5b72465ef844caee4e5,ac7e904531c4509ecb9158e4b31cce95ed938119,src/test/java/org/apache/commons/codec/net/URLCodecTest.java,286,286,dd5e46203e5b12f4b65e76ef2e5c34197692b5b4,src/test/java/org/apache/commons/codec/net/URLCodecTest.java,testDecodeObjects()V,NO_FIELD,fixed
V,MS_SHOULD_BE_FINAL,3,20,commons-codec,4075aa69bfff3d283fcf59ff371a3bcc43238b4e,5b74e6da63b1f0ad9972c2ca3f85abcb1080fb53,src/java/org/apache/commons/codec/net/URLCodec.java,58,58,d09530a36ddb367da4d47c487496b68d999f7837,src/java/org/apache/commons/codec/net/URLCodec.java,NO_METHOD,ESCAPE_CHAR,fixed
I,DM_DEFAULT_ENCODING,1,19,commons-codec,4075aa69bfff3d283fcf59ff371a3bcc43238b4e,100d531386e69f70bc73a039b4a5776e4ab36cbf,src/java/org/apache/commons/codec/digest/DigestUtils.java,356,356,356aee756a4b13c717392032cc70ebfeba2ee0e6,src/java/org/apache/commons/codec/digest/DigestUtils.java,sha384(Ljava/lang/String;)[B,NO_FIELD,fixed
I,DM_DEFAULT_ENCODING,1,19,commons-codec,f4fc386ef66d0f2b2fda3578cc83312b69804813,f983a961455efed4dbfbfb7623e43941ba8d31e3,src/test/java/org/apache/commons/codec/binary/Base64Test.java,367,367,afc89ebca46a71a9a3a91c9ddea6e17b49282479,src/test/java/org/apache/commons/codec/binary/Base64Test.java,testEncodeDecodeSmall()V,NO_FIELD,fixed
I,DM_DEFAULT_ENCODING,1,19,commons-codec,7028095497c29edde3c0f320080f7d4aa5b22c98,bade1b72d526fb6493f1b11d8f2e63e51793af91,src/java/org/apache/commons/codec/binary/Hex.java,168,168,b3607d8b91c7f164cb3b2aa67035bd5c468fcc56,src/java/org/apache/commons/codec/binary/Hex.java,decode([B)[B,NO_FIELD,fixed
I,DM_DEFAULT_ENCODING,1,19,commons-codec,f4fc386ef66d0f2b2fda3578cc83312b69804813,f983a961455efed4dbfbfb7623e43941ba8d31e3,src/test/java/org/apache/commons/codec/binary/Base64Test.java,1012,1012,afc89ebca46a71a9a3a91c9ddea6e17b49282479,src/test/java/org/apache/commons/codec/binary/Base64Test.java,testTripletsChunked()V,NO_FIELD,fixed
D,UWF_FIELD_NOT_INITIALIZED_IN_CONSTRUCTOR,3,20,commons-codec,9a84b3a53b37204c6ae9549ba41037c60f15479b,3ab9ce4b76848afd2da7dca3e37c46259dd70866,src/test/java/org/apache/commons/codec/digest/MessageDigestAlgorithmsTest.java,117,117,625cedf140f383f3f5c4f992906a4bb6b809dfd7,src/test/java/org/apache/commons/codec/digest/MessageDigestAlgorithmsTest.java,tearDown()V,digestUtilsTest,fixed
D,SF_SWITCH_NO_DEFAULT,2,19,commons-codec,3f41cf1609fae7c8848beb0655bcf67132c7a277,ab25ca771e463eb6fb0bac8b1866ae670e8e92c0,src/main/java/org/apache/commons/codec/binary/Base64.java,339,358,2c3ce2826244217eeaea4ccf4539d3ab104f725f,src/main/java/org/apache/commons/codec/binary/Base64.java,encode([BIILorg/apache/commons/codec/binary/BaseNCodec$Context;)V,NO_FIELD,fixed
I,DM_DEFAULT_ENCODING,1,19,commons-codec,f4fc386ef66d0f2b2fda3578cc83312b69804813,f983a961455efed4dbfbfb7623e43941ba8d31e3,src/test/java/org/apache/commons/codec/binary/Base64Test.java,153,153,afc89ebca46a71a9a3a91c9ddea6e17b49282479,src/test/java/org/apache/commons/codec/binary/Base64Test.java,testCodeInteger1()V,NO_FIELD,fixed
P,DM_FP_NUMBER_CTOR,3,20,commons-codec,32de66338764b8b75ac2e5b72465ef844caee4e5,e9f1cd80e7f31a8fa4840ad0e62c6fd95869540f,src/test/java/org/apache/commons/codec/net/BCodecTest.java,144,144,6ab7e0cd7e725cabba6d45ca9963859f7416c395,src/test/java/org/apache/commons/codec/net/BCodecTest.java,testDecodeObjects()V,NO_FIELD,fixed
P,DM_NUMBER_CTOR,2,18,commons-codec,a7c97274a35913bae9b3856e301c8dcf16acc36f,54f7ca3483251eab0621f75a3373231129753767,src/test/org/apache/commons/codec/StringEncoderComparatorTest.java,72,72,c714697cb1a79c30ec4a30adc14d8efbdd9933c7,src/test/org/apache/commons/codec/StringEncoderComparatorTest.java,testComparatorWithDoubleMetaphoneAndInvalidInput()V,NO_FIELD,fixed
P,DM_FP_NUMBER_CTOR,3,20,commons-codec,32de66338764b8b75ac2e5b72465ef844caee4e5,e9f1cd80e7f31a8fa4840ad0e62c6fd95869540f,src/test/java/org/apache/commons/codec/net/BCodecTest.java,120,120,6ab7e0cd7e725cabba6d45ca9963859f7416c395,src/test/java/org/apache/commons/codec/net/BCodecTest.java,testEncodeObjects()V,NO_FIELD,fixed
I,DM_DEFAULT_ENCODING,1,19,commons-codec,f4fc386ef66d0f2b2fda3578cc83312b69804813,c82fe35c48bd0082c16644d16d82d1be79d6b9d1,src/test/java/org/apache/commons/codec/binary/Base64Test.java,280,280,2ae03e1633ec0a79761b215e8eae2574106bec99,src/test/java/org/apache/commons/codec/binary/Base64Test.java,testDecodePadMarkerIndex3()V,NO_FIELD,fixed
P,URF_UNREAD_FIELD,3,20,commons-codec,ddc7143ed89a6c92bbafb89bbe8e1fc4937a878c,8913cb4ed2606ff4be6e6e3d046ef3d4cfe69c17,src/test/org/apache/commons/codec/language/bm/RuleTest.java,57,57,161677911f5ab798708503eb13859e8403281c7f,src/test/org/apache/commons/codec/language/bm/RuleTest.java,NO_METHOD,langs,fixed
I,DM_DEFAULT_ENCODING,1,19,commons-codec,a7c97274a35913bae9b3856e301c8dcf16acc36f,778eb5418ac6627e67ffd69252d45f8f9fb2284a,src/test/java/org/apache/commons/codec/binary/Base64Test.java,252,252,622088ba07b5b9452b73e2b2867549540e431732,src/test/java/org/apache/commons/codec/binary/Base64Test.java,testDecodePadMarkerIndex2()V,NO_FIELD,fixed
D,PZLA_PREFER_ZERO_LENGTH_ARRAYS,3,20,commons-codec,e09b236f8850133dd9687d4a0e345e2ffbf79cd1,3e871d2b093efbc9f8a7149cb6fabbf95bbbad1e,src/main/java/org/apache/commons/codec/binary/StringUtils.java,128,128,101fea65942f9ed5f765bdfac2c7a1ca545ed356,src/main/java/org/apache/commons/codec/binary/StringUtils.java,getBytes(Ljava/lang/String;Ljava/nio/charset/Charset;)[B,NO_FIELD,fixed
I,DM_CONVERT_CASE,3,20,commons-codec,f0ee4661a5e66274eb513902639f0a16edec1b0a,f0ee4661a5e66274eb513902639f0a16edec1b0a,src/test/java/org/apache/commons/codec/binary/HexTest.java,344,344,c3c58f29b440392739dcce3c385048649ae735b1,src/test/java/org/apache/commons/codec/binary/HexTest.java,testHelloWorldLowerCaseHex()V,NO_FIELD,fixed
I,DM_DEFAULT_ENCODING,1,19,commons-codec,a7c97274a35913bae9b3856e301c8dcf16acc36f,c2809b4b7ebbf2153114f0803d6b12e7f35cf5fd,src/test/org/apache/commons/codec/binary/Base64Test.java,514,514,21d7caa09a2f0e4565670204e20301f9f8d71ed2,src/test/org/apache/commons/codec2/binary/Base64Test.java,testObjectEncodeWithValidParameter()V,NO_FIELD,fixed
P,DM_FP_NUMBER_CTOR,3,20,commons-codec,a7c97274a35913bae9b3856e301c8dcf16acc36f,d911dd89a5b16ca8c16432fc60fcbc8e9ab2aa08,src/test/org/apache/commons/codec/net/URLCodecTest.java,240,240,3400e5ef1c02763ce22c542aa5ec3f9e3ea04067,src/test/org/apache/commons/codec/net/URLCodecStringTest.java,testEncodeObjects()V,NO_FIELD,fixed
D,SA_FIELD_DOUBLE_ASSIGNMENT,3,20,commons-codec,4cc8b66909d3f530f8509785dfb958d71526f3f0,5e4cef4b366ba808e9ce260278a701d2aea01e84,src/java/org/apache/commons/codec/binary/Base64.java,481,481,0309db6bdcc133c4f6ad871c28fbe468df8f6c55,src/java/org/apache/commons/codec/binary/Base64.java,encode([BII)V,modulus,fixed
I,DM_DEFAULT_ENCODING,1,19,commons-codec,9a84b3a53b37204c6ae9549ba41037c60f15479b,2b0fecf0fc85fcf69ac76419fe1dafe7c8e988f4,src/test/java/org/apache/commons/codec/digest/MurmurHash3Test.java,358,358,627b5fde397040acbf234bc132cc0f7cfaf4673e,src/test/java/org/apache/commons/codec/digest/MurmurHash3Test.java,testHash32String()V,NO_FIELD,fixed
D,INT_VACUOUS_BIT_OPERATION,2,17,commons-codec,4008ff9e49715f77cd6ac956b358160b7e416e69,fc393f7bdf6c971cb0dcd977d3015ad5ce524149,src/main/java/org/apache/commons/codec/digest/UnixCrypt.java,342,342,ace1dc41eb128bc0de794b376f446d276f80ef72,src/main/java/org/apache/commons/codec/digest/UnixCrypt.java,body([III)[I,NO_FIELD,fixed
P,SS_SHOULD_BE_STATIC,2,18,commons-codec,924540abc919d32a8aaa92c6f18906f01e64e167,ac7e904531c4509ecb9158e4b31cce95ed938119,src/main/java/org/apache/commons/codec/net/PercentCodec.java,45,45,dd5e46203e5b12f4b65e76ef2e5c34197692b5b4,src/main/java/org/apache/commons/codec/net/PercentCodec.java,NO_METHOD,ESCAPE_CHAR,fixed
P,SBSC_USE_STRINGBUFFER_CONCATENATION,2,18,commons-codec,1573a121c4fa7b39f4f49691cc5fde3cccf4c7a1,b7d0dab28185046ffc64b8f36d231a2274b839c6,src/java/org/apache/commons/codec/language/bm/PhoneticEngine.java,237,237,ddc7143ed89a6c92bbafb89bbe8e1fc4937a878c,src/java/org/apache/commons/codec/language/bm/PhoneticEngine.java,removeDuplicateAlternates(Ljava/lang/String;)Ljava/lang/String;,NO_FIELD,fixed
I,DM_DEFAULT_ENCODING,1,19,commons-codec,2ae03e1633ec0a79761b215e8eae2574106bec99,f983a961455efed4dbfbfb7623e43941ba8d31e3,src/test/java/org/apache/commons/codec/binary/Base64Test.java,276,276,afc89ebca46a71a9a3a91c9ddea6e17b49282479,src/test/java/org/apache/commons/codec/binary/Base64Test.java,testDecodePadMarkerIndex2()V,NO_FIELD,fixed
D,DLS_DEAD_LOCAL_STORE,3,20,commons-codec,203918573c29676b179b673aa7e41366dc4215d9,e246d2ac01f1ac741aa4673aed3d028e08a63c73,src/main/java/org/apache/commons/codec/language/ColognePhonetic.java,383,383,0b2a0c932d089de9f19e2ea9b278c5d09a239099,src/main/java/org/apache/commons/codec/language/ColognePhonetic.java,colognePhonetic(Ljava/lang/String;)Ljava/lang/String;,NO_FIELD,fixed
P,DM_FP_NUMBER_CTOR,3,20,commons-codec,32de66338764b8b75ac2e5b72465ef844caee4e5,ac7e904531c4509ecb9158e4b31cce95ed938119,src/test/java/org/apache/commons/codec/net/QCodecTest.java,146,146,dd5e46203e5b12f4b65e76ef2e5c34197692b5b4,src/test/java/org/apache/commons/codec/net/QCodecTest.java,testEncodeObjects()V,NO_FIELD,fixed
B,OS_OPEN_STREAM,2,16,commons-codec,a7c97274a35913bae9b3856e301c8dcf16acc36f,54f7ca3483251eab0621f75a3373231129753767,src/test/org/apache/commons/codec/binary/Base32InputStreamTest.java,43,43,c714697cb1a79c30ec4a30adc14d8efbdd9933c7,src/test/org/apache/commons/codec/binary/Base32InputStreamTest.java,testCodec105()V,NO_FIELD,fixed
P,SBSC_USE_STRINGBUFFER_CONCATENATION,2,18,commons-codec,03d62b63f1d8c6551d59893fd3f5dc1add6d3132,d2c0d2a2327e9ddf887b119fadbe5a5366f67e36,src/main/java/org/apache/commons/codec/digest/UnixCrypt.java,376,376,536ede39c1bd58ae4aa6138103746b94164287ee,src/main/java/org/apache/commons/codec/digest/UnixCrypt.java,crypt([BLjava/lang/String;)Ljava/lang/String;,NO_FIELD,fixed
P,UPM_UNCALLED_PRIVATE_METHOD,2,18,commons-codec,a7c97274a35913bae9b3856e301c8dcf16acc36f,d911dd89a5b16ca8c16432fc60fcbc8e9ab2aa08,src/test/org/apache/commons/codec/binary/HexTest.java,122,122,3400e5ef1c02763ce22c542aa5ec3f9e3ea04067,src/test/org/apache/commons/codec/binary/HexCharTest.java,log(Ljava/lang/Throwable;)V,NO_FIELD,fixed
D,SF_SWITCH_NO_DEFAULT,2,19,commons-codec,0a7bbe29d8ecc70ecb84c7f515ffc2e9394b0a75,0a7bbe29d8ecc70ecb84c7f515ffc2e9394b0a75,src/main/java/org/apache/commons/codec/binary/Base64.java,334,351,5cd45cca92b4ba31d55f2e5d28aacf2a5d3fca22,src/main/java/org/apache/commons/codec/binary/Base64.java,encode([BIILorg/apache/commons/codec/binary/BaseNCodec$Context;)V,NO_FIELD,fixed
V,EI_EXPOSE_REP2,2,18,commons-codec,ce8a31b1ce8a1a555642b4e05387a5b6b414a688,df9d1bbcdf99349c471d934ab9df4cc7eae58c59,src/java/org/apache/commons/codec/binary/Base64.java,224,224,cad66447478d7d29bc04b3ce6a9049d6912c11b4,src/java/org/apache/commons/codec/binary/Base64.java,<init>(I[B)V,lineSeparator,fixed
P,DM_FP_NUMBER_CTOR,3,20,commons-codec,32de66338764b8b75ac2e5b72465ef844caee4e5,e9f1cd80e7f31a8fa4840ad0e62c6fd95869540f,src/test/java/org/apache/commons/codec/net/QCodecTest.java,172,172,6ab7e0cd7e725cabba6d45ca9963859f7416c395,src/test/java/org/apache/commons/codec/net/QCodecTest.java,testDecodeObjects()V,NO_FIELD,fixed
I,DM_DEFAULT_ENCODING,1,19,commons-codec,a7c97274a35913bae9b3856e301c8dcf16acc36f,d911dd89a5b16ca8c16432fc60fcbc8e9ab2aa08,src/test/org/apache/commons/codec/binary/Base64Test.java,252,252,3400e5ef1c02763ce22c542aa5ec3f9e3ea04067,src/test/org/apache/commons/codec/binary/Base64Test.java,testDecodePadMarkerIndex2()V,NO_FIELD,fixed
D,SA_FIELD_DOUBLE_ASSIGNMENT,3,20,commons-codec,effccf34b070dafe36e05a181d90d1969443fc0c,9ac451e968c2e582716af59c3c1a06208a9b213a,src/java/org/apache/commons/codec/binary/Base32.java,347,347,56730f9160d3917e180dcbdc2cf133e7a5da0b7f,src/java/org/apache/commons/codec/binary/Base32.java,encode([BII)V,modulus,fixed
I,DM_DEFAULT_ENCODING,1,19,commons-codec,9a84b3a53b37204c6ae9549ba41037c60f15479b,2b0fecf0fc85fcf69ac76419fe1dafe7c8e988f4,src/test/java/org/apache/commons/codec/digest/MurmurHash3Test.java,630,630,627b5fde397040acbf234bc132cc0f7cfaf4673e,src/test/java/org/apache/commons/codec/digest/MurmurHash3Test.java,testHash128String()V,NO_FIELD,fixed
V,MS_PKGPROTECT,2,18,commons-codec,4075aa69bfff3d283fcf59ff371a3bcc43238b4e,981c0002d5accb9ebc056b7a34025fd814c4e17f,src/java/org/apache/commons/codec/language/RefinedSoundex.java,38,38,cb63f4a959e30de6882b20af10d189c7307a6da2,src/java/org/apache/commons/codec/language/RefinedSoundex.java,NO_METHOD,US_ENGLISH_MAPPING,fixed
P,DM_FP_NUMBER_CTOR,3,20,commons-codec,a7c97274a35913bae9b3856e301c8dcf16acc36f,d911dd89a5b16ca8c16432fc60fcbc8e9ab2aa08,src/test/org/apache/commons/codec/net/QuotedPrintableCodecTest.java,249,249,3400e5ef1c02763ce22c542aa5ec3f9e3ea04067,src/test/org/apache/commons/codec/net/QuotedPrintableStringCodecTest.java,testDecodeObjects()V,NO_FIELD,fixed
P,DM_FP_NUMBER_CTOR,3,20,commons-codec,32de66338764b8b75ac2e5b72465ef844caee4e5,477db01dd858150534c5dc128630dc56c4f15aaf,src/test/java/org/apache/commons/codec/net/QuotedPrintableCodecTest.java,235,235,a94813fb0ce4597d2465a273821306a055f35492,src/test/java/org/apache/commons/codec/net/QuotedPrintableCodecTest.java,testDecodeObjects()V,NO_FIELD,fixed
I,DM_DEFAULT_ENCODING,1,19,commons-codec,e2df85024e2ab99645a788b4b2836ba1cfdb87f5,a870413801679ec8d0eefd97878a87bb2697ae5e,src/java/org/apache/commons/codec/binary/Base64.java,335,335,4d67ff229be56b150180cd6652d118075d171e05,src/java/org/apache/commons/codec/binary/Base64.java,<init>(I[BZ)V,NO_FIELD,fixed
P,SBSC_USE_STRINGBUFFER_CONCATENATION,2,18,commons-codec,1573a121c4fa7b39f4f49691cc5fde3cccf4c7a1,b7d0dab28185046ffc64b8f36d231a2274b839c6,src/java/org/apache/commons/codec/language/bm/PhoneticEngine.java,308,308,ddc7143ed89a6c92bbafb89bbe8e1fc4937a878c,src/java/org/apache/commons/codec/language/bm/PhoneticEngine.java,applyFinalRules(Ljava/lang/String;Ljava/util/List;Ljava/util/Set;Z)Ljava/lang/String;,NO_FIELD,fixed
D,SF_SWITCH_NO_DEFAULT,2,19,commons-codec,2576c599bbcfc77272cd138fab749df9218ba622,622088ba07b5b9452b73e2b2867549540e431732,src/main/java/org/apache/commons/codec/binary/Base32.java,321,350,0a7bbe29d8ecc70ecb84c7f515ffc2e9394b0a75,src/main/java/org/apache/commons/codec/binary/Base32.java,decode([BII)V,NO_FIELD,fixed
V,MS_PKGPROTECT,2,18,commons-codec,4cc8b66909d3f530f8509785dfb958d71526f3f0,c86b5e26e0b9195f4928741b5b7dcd3d857f4de5,src/java/org/apache/commons/codec/language/RefinedSoundex.java,43,43,b0117669677f27a448c8fcafcd1430e2e0a5c3db,src/java/org/apache/commons/codec/language/RefinedSoundex.java,NO_METHOD,US_ENGLISH_MAPPING,fixed
P,DM_BOXED_PRIMITIVE_FOR_PARSING,1,16,commons-codec,4008ff9e49715f77cd6ac956b358160b7e416e69,03d62b63f1d8c6551d59893fd3f5dc1add6d3132,src/main/java/org/apache/commons/codec/digest/Sha2Crypt.java,142,142,fbefe56c0a41a1742872c9d0f624e5c32710ab4e,src/main/java/org/apache/commons/codec/digest/Sha2Crypt.java,sha2Crypt([BLjava/lang/String;Ljava/lang/String;ILjava/lang/String;)Ljava/lang/String;,NO_FIELD,fixed
I,DM_DEFAULT_ENCODING,1,19,commons-codec,7028095497c29edde3c0f320080f7d4aa5b22c98,cc6df030dd2bd4d8693f0b557f097ab3b321b18e,src/java/org/apache/commons/codec/digest/DigestUtils.java,473,473,25ad9f824aef478b61a774ed9402068ad215b23b,src/java/org/apache/commons/codec/digest/DigestUtils.java,sha512(Ljava/lang/String;)[B,NO_FIELD,fixed
P,SS_SHOULD_BE_STATIC,2,18,commons-codec,e810384bf01c1ea545757b06af73a4bb2b2401ab,cffa33ee9cc4a86c4e252016e765f78e64d5067c,src/java/org/apache/commons/codec/binary/BaseNCodec.java,72,72,effccf34b070dafe36e05a181d90d1969443fc0c,src/java/org/apache/commons/codec/binary/BaseNCodec.java,NO_METHOD,PAD,fixed
I,DM_DEFAULT_ENCODING,1,19,commons-codec,2bcdfd86643761c239ec40e6e1e2f05855a07f95,8b206b53077999a6d180ed1f4d1daa57523eda04,src/main/java/org/apache/commons/codec/digest/MurmurHash3.java,396,396,b5ce7fae5bb6794d41216756f080a087cb956e90,src/main/java/org/apache/commons/codec/digest/MurmurHash3.java,hash128(Ljava/lang/String;)[J,NO_FIELD,fixed
I,DM_DEFAULT_ENCODING,1,19,commons-codec,9a84b3a53b37204c6ae9549ba41037c60f15479b,2b0fecf0fc85fcf69ac76419fe1dafe7c8e988f4,src/main/java/org/apache/commons/codec/digest/MurmurHash2.java,255,255,627b5fde397040acbf234bc132cc0f7cfaf4673e,src/main/java/org/apache/commons/codec/digest/MurmurHash2.java,hash64(Ljava/lang/String;)J,NO_FIELD,fixed
I,DM_DEFAULT_ENCODING,1,19,commons-codec,32de66338764b8b75ac2e5b72465ef844caee4e5,0c667320394a25367f2009696abdcedbe2b19d49,src/test/java/org/apache/commons/codec/net/URLCodecTest.java,191,191,89bf8c4835873dea14d9e0162ee3c6f8bd965fd0,src/test/java/org/apache/commons/codec/net/URLCodecTest.java,testEncodeUrlWithNullBitSet()V,NO_FIELD,fixed
B,DMI_RANDOM_USED_ONLY_ONCE,1,14,commons-codec,2bcdfd86643761c239ec40e6e1e2f05855a07f95,b5ce7fae5bb6794d41216756f080a087cb956e90,src/test/java/org/apache/commons/codec/digest/MurmurHash3Test.java,162,162,2d744c87c2c498510f84b5a91dc14ec703d7b022,src/test/java/org/apache/commons/codec/digest/MurmurHash3Test.java,testIncremental()V,NO_FIELD,fixed
D,DLS_DEAD_LOCAL_STORE,3,20,commons-codec,f4fc386ef66d0f2b2fda3578cc83312b69804813,f983a961455efed4dbfbfb7623e43941ba8d31e3,src/test/java/org/apache/commons/codec/binary/Base64Test.java,214,214,afc89ebca46a71a9a3a91c9ddea6e17b49282479,src/test/java/org/apache/commons/codec/binary/Base64Test.java,testConstructors()V,NO_FIELD,fixed
I,DM_DEFAULT_ENCODING,1,19,commons-codec,f4fc386ef66d0f2b2fda3578cc83312b69804813,f983a961455efed4dbfbfb7623e43941ba8d31e3,src/test/java/org/apache/commons/codec/binary/Base64Test.java,316,316,afc89ebca46a71a9a3a91c9ddea6e17b49282479,src/test/java/org/apache/commons/codec/binary/Base64Test.java,testDecodeWithWhitespace()V,NO_FIELD,fixed
D,SF_SWITCH_NO_DEFAULT,2,19,commons-codec,5cd45cca92b4ba31d55f2e5d28aacf2a5d3fca22,f424976a31abcc77c7bd1ce558437e04c7fe68f5,src/main/java/org/apache/commons/codec/binary/Base64.java,339,356,3f41cf1609fae7c8848beb0655bcf67132c7a277,src/main/java/org/apache/commons/codec/binary/Base64.java,encode([BII)V,NO_FIELD,fixed
I,DM_DEFAULT_ENCODING,1,19,commons-codec,9a84b3a53b37204c6ae9549ba41037c60f15479b,ef6023c551fc6144fa1f8ac776236dfd712a7a39,src/main/java/org/apache/commons/codec/digest/MurmurHash2.java,144,144,f40005ad5a9c892fa8d216b12029a49062224351,src/main/java/org/apache/commons/codec/digest/MurmurHash2.java,hash32(Ljava/lang/String;)I,NO_FIELD,fixed
P,URF_UNREAD_FIELD,3,20,commons-codec,ddc7143ed89a6c92bbafb89bbe8e1fc4937a878c,8913cb4ed2606ff4be6e6e3d046ef3d4cfe69c17,src/test/org/apache/commons/codec/language/bm/RuleTest.java,56,56,161677911f5ab798708503eb13859e8403281c7f,src/test/org/apache/commons/codec/language/bm/RuleTest.java,NO_METHOD,rule,fixed
P,DM_FP_NUMBER_CTOR,3,20,commons-codec,32de66338764b8b75ac2e5b72465ef844caee4e5,477db01dd858150534c5dc128630dc56c4f15aaf,src/test/java/org/apache/commons/codec/StringEncoderComparatorTest.java,72,72,a94813fb0ce4597d2465a273821306a055f35492,src/test/java/org/apache/commons/codec/StringEncoderComparatorTest.java,testComparatorWithDoubleMetaphoneAndInvalidInput()V,NO_FIELD,fixed
P,URF_UNREAD_FIELD,3,20,commons-codec,ddc7143ed89a6c92bbafb89bbe8e1fc4937a878c,8913cb4ed2606ff4be6e6e3d046ef3d4cfe69c17,src/test/org/apache/commons/codec/language/bm/RuleTest.java,55,55,161677911f5ab798708503eb13859e8403281c7f,src/test/org/apache/commons/codec/language/bm/RuleTest.java,NO_METHOD,caseName,fixed
D,NP_NULL_ON_SOME_PATH_FROM_RETURN_VALUE,2,13,commons-codec,f8c39cfd773d797adc1b4ee19aa8fc17268946ec,ba966190a1f61520201b7d62fdf69aa6515e2e73,src/main/java/org/apache/commons/codec/cli/Digest.java,122,122,27388c817bf558af48568ce724b9de080e80e8f1,src/main/java/org/apache/commons/codec/cli/Digest.java,run(Ljava/lang/String;Ljava/security/MessageDigest;)V,NO_FIELD,fixed
I,DM_DEFAULT_ENCODING,1,19,commons-codec,9a84b3a53b37204c6ae9549ba41037c60f15479b,03ae658e5449d7a3b6c9fa2ee38e712b41d85123,src/test/java/org/apache/commons/codec/binary/Base64Test.java,404,404,2b32ca08e1097c92d3ee2a1501c43fd8f2b4130d,src/test/java/org/apache/commons/codec/binary/Base64Test.java,testEncodeDecodeSmall()V,NO_FIELD,fixed
I,DM_DEFAULT_ENCODING,1,19,commons-codec,2ae03e1633ec0a79761b215e8eae2574106bec99,f983a961455efed4dbfbfb7623e43941ba8d31e3,src/test/java/org/apache/commons/codec/binary/Base64Test.java,436,436,afc89ebca46a71a9a3a91c9ddea6e17b49282479,src/test/java/org/apache/commons/codec/binary/Base64Test.java,testKnownDecodings()V,NO_FIELD,fixed
P,DM_FP_NUMBER_CTOR,3,20,commons-codec,32de66338764b8b75ac2e5b72465ef844caee4e5,e9f1cd80e7f31a8fa4840ad0e62c6fd95869540f,src/test/java/org/apache/commons/codec/net/QCodecTest.java,146,146,6ab7e0cd7e725cabba6d45ca9963859f7416c395,src/test/java/org/apache/commons/codec/net/QCodecTest.java,testEncodeObjects()V,NO_FIELD,fixed
P,SBSC_USE_STRINGBUFFER_CONCATENATION,2,18,commons-codec,536ede39c1bd58ae4aa6138103746b94164287ee,5204f7209c905c3ba2f11c531f30ebebe691975b,src/main/java/org/apache/commons/codec/digest/UnixCrypt.java,248,248,abbaedb43f52aeb6ca5b494e8ec10d60e430f517,src/main/java/org/apache/commons/codec/digest/UnixCrypt.java,crypt([BLjava/lang/String;)Ljava/lang/String;,NO_FIELD,fixed
P,DM_FP_NUMBER_CTOR,3,20,commons-codec,32de66338764b8b75ac2e5b72465ef844caee4e5,477db01dd858150534c5dc128630dc56c4f15aaf,src/test/java/org/apache/commons/codec/net/URLCodecTest.java,240,240,a94813fb0ce4597d2465a273821306a055f35492,src/test/java/org/apache/commons/codec/net/URLCodecTest.java,testEncodeObjects()V,NO_FIELD,fixed
I,DM_DEFAULT_ENCODING,1,19,commons-codec,9a84b3a53b37204c6ae9549ba41037c60f15479b,438b54b2075652215a75a834ee64ec5b0b29a6f8,src/test/java/org/apache/commons/codec/digest/Sha256CryptTest.java,83,83,80fffec4ee9d44a18a4742d53971ed054b1346e6,src/test/java/org/apache/commons/codec/digest/Sha256CryptTest.java,testSha256CryptWithEmptySalt()V,NO_FIELD,fixed
D,URF_UNREAD_PUBLIC_OR_PROTECTED_FIELD,3,20,commons-codec,4075aa69bfff3d283fcf59ff371a3bcc43238b4e,5b74e6da63b1f0ad9972c2ca3f85abcb1080fb53,src/java/org/apache/commons/codec/net/URLCodec.java,58,58,d09530a36ddb367da4d47c487496b68d999f7837,src/java/org/apache/commons/codec/net/URLCodec.java,NO_METHOD,ESCAPE_CHAR,fixed
C,RV_ABSOLUTE_VALUE_OF_RANDOM_INT,1,7,commons-codec,4008ff9e49715f77cd6ac956b358160b7e416e69,d2c0d2a2327e9ddf887b119fadbe5a5366f67e36,src/main/java/org/apache/commons/codec/digest/UnixCrypt.java,371,371,536ede39c1bd58ae4aa6138103746b94164287ee,src/main/java/org/apache/commons/codec/digest/UnixCrypt.java,crypt([BLjava/lang/String;)Ljava/lang/String;,NO_FIELD,fixed
I,DM_DEFAULT_ENCODING,1,19,commons-codec,f4fc386ef66d0f2b2fda3578cc83312b69804813,f983a961455efed4dbfbfb7623e43941ba8d31e3,src/test/java/org/apache/commons/codec/binary/Base64Test.java,173,173,afc89ebca46a71a9a3a91c9ddea6e17b49282479,src/test/java/org/apache/commons/codec/binary/Base64Test.java,testCodeInteger3()V,NO_FIELD,fixed
D,DLS_DEAD_LOCAL_STORE,2,17,commons-codec,114830d0f1c0ae96b9b546849e2766694fd3e1e4,114830d0f1c0ae96b9b546849e2766694fd3e1e4,src/main/java/org/apache/commons/codec/binary/Base64.java,337,337,1a3a1b306faec5e317c8be2ebb9e54244f6ab57d,src/main/java/org/apache/commons/codec/binary/Base64.java,encode([BIILorg/apache/commons/codec/binary/BaseNCodec$Context;)V,NO_FIELD,fixed
P,DM_FP_NUMBER_CTOR,3,20,commons-codec,a7c97274a35913bae9b3856e301c8dcf16acc36f,d911dd89a5b16ca8c16432fc60fcbc8e9ab2aa08,src/test/org/apache/commons/codec/StringEncoderComparatorTest.java,72,72,3400e5ef1c02763ce22c542aa5ec3f9e3ea04067,src/test/org/apache/commons/codec/StringEncoderComparatorTest.java,testComparatorWithDoubleMetaphoneAndInvalidInput()V,NO_FIELD,fixed
D,SA_FIELD_DOUBLE_ASSIGNMENT,3,20,commons-codec,4cc8b66909d3f530f8509785dfb958d71526f3f0,9ac451e968c2e582716af59c3c1a06208a9b213a,src/java/org/apache/commons/codec/binary/Base32.java,412,412,56730f9160d3917e180dcbdc2cf133e7a5da0b7f,src/java/org/apache/commons/codec/binary/Base32.java,decode([BII)V,modulus,fixed
I,DM_DEFAULT_ENCODING,1,19,commons-codec,9a84b3a53b37204c6ae9549ba41037c60f15479b,438b54b2075652215a75a834ee64ec5b0b29a6f8,src/test/java/org/apache/commons/codec/digest/Md5CryptTest.java,83,83,80fffec4ee9d44a18a4742d53971ed054b1346e6,src/test/java/org/apache/commons/codec/digest/Md5CryptTest.java,testMd5CryptWithEmptySalt()V,NO_FIELD,fixed
I,DM_DEFAULT_ENCODING,1,19,commons-codec,fc3e6769ee8dbc6d1ec06ff50547e1121b47801d,03ae658e5449d7a3b6c9fa2ee38e712b41d85123,src/test/java/org/apache/commons/codec/binary/Base16Test.java,232,232,2b32ca08e1097c92d3ee2a1501c43fd8f2b4130d,src/test/java/org/apache/commons/codec/binary/Base16Test.java,testObjectDecodeWithValidParameter()V,NO_FIELD,fixed
I,DM_DEFAULT_ENCODING,1,19,commons-codec,f4fc386ef66d0f2b2fda3578cc83312b69804813,c82fe35c48bd0082c16644d16d82d1be79d6b9d1,src/test/java/org/apache/commons/codec/binary/Base64Test.java,396,396,2ae03e1633ec0a79761b215e8eae2574106bec99,src/test/java/org/apache/commons/codec/binary/Base64Test.java,testIgnoringNonBase64InDecode()V,NO_FIELD,fixed
I,DM_CONVERT_CASE,3,20,commons-codec,1573a121c4fa7b39f4f49691cc5fde3cccf4c7a1,26951aa855bdd1927609a2dc72900a0adac08c6f,src/java/org/apache/commons/codec/language/bm/Lang.java,213,213,29524ee6b16bde662d61c69635760f574f12c1b7,src/java/org/apache/commons/codec/language/bm/Lang.java,guessLanguages(Ljava/lang/String;)Lorg/apache/commons/codec/language/bm/Languages$LanguageSet;,NO_FIELD,fixed
I,DM_DEFAULT_ENCODING,1,19,commons-codec,081756b86e25ec5ea7bc786e88a7d56b76f88ef9,1b594c035d79b579819753938f5e53d9435b38b8,src/test/java/org/apache/commons/codec/binary/Base16Test.java,336,336,019ee2c989d21bb5de8e26a12bbf87f2f870fa7e,src/test/java/org/apache/commons/codec/binary/Base16Test.java,testObjectEncode()V,NO_FIELD,fixed
I,DM_DEFAULT_ENCODING,1,19,commons-codec,32de66338764b8b75ac2e5b72465ef844caee4e5,0c667320394a25367f2009696abdcedbe2b19d49,src/test/java/org/apache/commons/codec/binary/Base64Test.java,329,329,89bf8c4835873dea14d9e0162ee3c6f8bd965fd0,src/test/java/org/apache/commons/codec/binary/Base64Test.java,testDecodePadOnly()V,NO_FIELD,fixed
I,DM_DEFAULT_ENCODING,1,19,commons-codec,f4fc386ef66d0f2b2fda3578cc83312b69804813,f983a961455efed4dbfbfb7623e43941ba8d31e3,src/test/java/org/apache/commons/codec/binary/Base64Test.java,162,162,afc89ebca46a71a9a3a91c9ddea6e17b49282479,src/test/java/org/apache/commons/codec/binary/Base64Test.java,testCodeInteger2()V,NO_FIELD,fixed
P,DM_FP_NUMBER_CTOR,3,20,commons-codec,32de66338764b8b75ac2e5b72465ef844caee4e5,477db01dd858150534c5dc128630dc56c4f15aaf,src/test/java/org/apache/commons/codec/net/URLCodecTest.java,286,286,a94813fb0ce4597d2465a273821306a055f35492,src/test/java/org/apache/commons/codec/net/URLCodecTest.java,testDecodeObjects()V,NO_FIELD,fixed
I,DM_DEFAULT_ENCODING,1,19,commons-codec,7028095497c29edde3c0f320080f7d4aa5b22c98,bade1b72d526fb6493f1b11d8f2e63e51793af91,src/java/org/apache/commons/codec/binary/Hex.java,221,221,b3607d8b91c7f164cb3b2aa67035bd5c468fcc56,src/java/org/apache/commons/codec/binary/Hex.java,encode(Ljava/lang/Object;)Ljava/lang/Object;,NO_FIELD,fixed
P,DM_FP_NUMBER_CTOR,3,20,commons-codec,32de66338764b8b75ac2e5b72465ef844caee4e5,e9f1cd80e7f31a8fa4840ad0e62c6fd95869540f,src/test/java/org/apache/commons/codec/net/QuotedPrintableCodecTest.java,204,204,6ab7e0cd7e725cabba6d45ca9963859f7416c395,src/test/java/org/apache/commons/codec/net/QuotedPrintableCodecTest.java,testEncodeObjects()V,NO_FIELD,fixed
D,UC_USELESS_OBJECT,2,17,commons-codec,a7c97274a35913bae9b3856e301c8dcf16acc36f,0626e9bc6b700b22a8e30066b9998b2d457be213,src/test/org/apache/commons/codec/language/SoundexTest.java,284,284,608a7d6373e320789aaf7f1b9f91a5cf8af81998,src/test/org/apache/commons/codec/language/SoundexTest.java,testMaxLength()V,NO_FIELD,fixed
D,SA_FIELD_DOUBLE_ASSIGNMENT,3,20,commons-codec,e7b46fdf5fc20526e0058946f5d47c0e4c3809ee,cffa33ee9cc4a86c4e252016e765f78e64d5067c,src/java/org/apache/commons/codec/binary/Base32.java,338,338,effccf34b070dafe36e05a181d90d1969443fc0c,src/java/org/apache/commons/codec/binary/Base32.java,encode([BII)V,modulus,fixed
B,SR_NOT_CHECKED,2,16,commons-codec,9a84b3a53b37204c6ae9549ba41037c60f15479b,438b54b2075652215a75a834ee64ec5b0b29a6f8,src/test/java/org/apache/commons/codec/binary/Base32InputStreamTest.java,530,530,80fffec4ee9d44a18a4742d53971ed054b1346e6,src/test/java/org/apache/commons/codec/binary/Base32InputStreamTest.java,testSkipWrongArgument()V,NO_FIELD,fixed
D,SA_FIELD_DOUBLE_ASSIGNMENT,3,20,commons-codec,4cc8b66909d3f530f8509785dfb958d71526f3f0,e810384bf01c1ea545757b06af73a4bb2b2401ab,src/java/org/apache/commons/codec/binary/Base32.java,341,341,e7b46fdf5fc20526e0058946f5d47c0e4c3809ee,src/java/org/apache/commons/codec/binary/Base32.java,encode([BII)V,modulus,fixed
I,DM_DEFAULT_ENCODING,1,19,commons-codec,9a84b3a53b37204c6ae9549ba41037c60f15479b,2b0fecf0fc85fcf69ac76419fe1dafe7c8e988f4,src/main/java/org/apache/commons/codec/digest/MurmurHash3.java,766,766,627b5fde397040acbf234bc132cc0f7cfaf4673e,src/main/java/org/apache/commons/codec/digest/MurmurHash3.java,hash128(Ljava/lang/String;)[J,NO_FIELD,fixed
D,BC_UNCONFIRMED_CAST,3,20,commons-codec,ddc7143ed89a6c92bbafb89bbe8e1fc4937a878c,cc17109d2cce8ca52f484dde84c38f8ae51a2f63,src/java/org/apache/commons/codec/language/bm/Languages.java,222,222,c35dcd2b488f4d2368d8db6d0f92c27b03794cc8,src/java/org/apache/commons/codec/language/bm/Languages.java,restrictTo(Lorg/apache/commons/codec/language/bm/Languages$LanguageSet;)Lorg/apache/commons/codec/language/bm/Languages$LanguageSet;,NO_FIELD,fixed
D,SF_SWITCH_NO_DEFAULT,2,19,commons-codec,2576c599bbcfc77272cd138fab749df9218ba622,b0abc067a8a5110211c4aaccc360f5087a78d3d5,src/main/java/org/apache/commons/codec/language/Metaphone.java,147,309,031beb1467137e9ded0980767e51cea8c7cdfb69,src/main/java/org/apache/commons/codec/language/Metaphone.java,metaphone(Ljava/lang/String;)Ljava/lang/String;,NO_FIELD,fixed
D,SF_SWITCH_NO_DEFAULT,2,19,commons-codec,5cd45cca92b4ba31d55f2e5d28aacf2a5d3fca22,f424976a31abcc77c7bd1ce558437e04c7fe68f5,src/main/java/org/apache/commons/codec/binary/Base32.java,321,350,3f41cf1609fae7c8848beb0655bcf67132c7a277,src/main/java/org/apache/commons/codec/binary/Base32.java,decode([BII)V,NO_FIELD,fixed
D,SA_FIELD_DOUBLE_ASSIGNMENT,2,17,commons-codec,e2df85024e2ab99645a788b4b2836ba1cfdb87f5,ce8a31b1ce8a1a555642b4e05387a5b6b414a688,src/java/org/apache/commons/codec/binary/Base64.java,437,437,16541c65bc50f8f303000c727469af7121df2237,src/java/org/apache/commons/codec/binary/Base64.java,decode([BII)V,modulus,fixed
D,SA_FIELD_DOUBLE_ASSIGNMENT,2,17,commons-codec,0309db6bdcc133c4f6ad871c28fbe468df8f6c55,9ac451e968c2e582716af59c3c1a06208a9b213a,src/java/org/apache/commons/codec/binary/Base64.java,429,429,56730f9160d3917e180dcbdc2cf133e7a5da0b7f,src/java/org/apache/commons/codec/binary/Base64.java,decode([BII)V,modulus,fixed
D,RV_RETURN_VALUE_IGNORED_NO_SIDE_EFFECT,2,17,commons-codec,a7c97274a35913bae9b3856e301c8dcf16acc36f,28e7813133a8de8ded191fb6e010123a8e087cd9,src/test/java/org/apache/commons/codec/digest/DigestUtilsTest.java,54,54,fc393f7bdf6c971cb0dcd977d3015ad5ce524149,src/test/java/org/apache/commons/codec/digest/DigestUtilsTest.java,testConstructable()V,NO_FIELD,fixed
P,DM_FP_NUMBER_CTOR,3,20,commons-codec,a7c97274a35913bae9b3856e301c8dcf16acc36f,d911dd89a5b16ca8c16432fc60fcbc8e9ab2aa08,src/test/org/apache/commons/codec/net/QCodecTest.java,145,145,3400e5ef1c02763ce22c542aa5ec3f9e3ea04067,src/test/org/apache/commons/codec/net/QCodecTest.java,testEncodeObjects()V,NO_FIELD,fixed
D,SF_SWITCH_NO_DEFAULT,2,19,commons-codec,0a7bbe29d8ecc70ecb84c7f515ffc2e9394b0a75,0a7bbe29d8ecc70ecb84c7f515ffc2e9394b0a75,src/main/java/org/apache/commons/codec/binary/Base64.java,449,459,5cd45cca92b4ba31d55f2e5d28aacf2a5d3fca22,src/main/java/org/apache/commons/codec/binary/Base64.java,decode([BIILorg/apache/commons/codec/binary/BaseNCodec$Context;)V,NO_FIELD,fixed
I,DM_DEFAULT_ENCODING,1,19,commons-codec,f4fc386ef66d0f2b2fda3578cc83312b69804813,c82fe35c48bd0082c16644d16d82d1be79d6b9d1,src/test/java/org/apache/commons/codec/binary/Base64Test.java,298,298,2ae03e1633ec0a79761b215e8eae2574106bec99,src/test/java/org/apache/commons/codec/binary/Base64Test.java,testDecodePadOnlyChunked()V,NO_FIELD,fixed
P,DM_FP_NUMBER_CTOR,3,20,commons-codec,32de66338764b8b75ac2e5b72465ef844caee4e5,e9f1cd80e7f31a8fa4840ad0e62c6fd95869540f,src/test/java/org/apache/commons/codec/StringEncoderComparatorTest.java,72,72,6ab7e0cd7e725cabba6d45ca9963859f7416c395,src/test/java/org/apache/commons/codec/StringEncoderComparatorTest.java,testComparatorWithDoubleMetaphoneAndInvalidInput()V,NO_FIELD,fixed
C,VA_FORMAT_STRING_BAD_CONVERSION_FROM_ARRAY,1,7,commons-codec,28e7813133a8de8ded191fb6e010123a8e087cd9,63687e70f21639a9a3105a502b58846368733442,src/main/java/org/apache/commons/codec/binary/BaseNCodec.java,101,101,b4eba75157d30e86192af55697591e0f2f6ef354,src/main/java/org/apache/commons/codec/binary/BaseNCodec.java,toString()Ljava/lang/String;,buffer,fixed
I,DM_DEFAULT_ENCODING,1,19,commons-codec,a7c97274a35913bae9b3856e301c8dcf16acc36f,778eb5418ac6627e67ffd69252d45f8f9fb2284a,src/test/java/org/apache/commons/codec/binary/Base64Test.java,522,522,622088ba07b5b9452b73e2b2867549540e431732,src/test/java/org/apache/commons/codec/binary/Base64Test.java,testObjectEncode()V,NO_FIELD,fixed
C,VA_FORMAT_STRING_BAD_CONVERSION_FROM_ARRAY,1,7,commons-codec,82d967a3f9e3d4c1927ff682d0df7a09399df7b6,b120a8574071197ee494c6f272bf0f4d2e93c2c5,src/main/java/org/apache/commons/codec/digest/Digest.java,119,119,e8c09f05be1310ea2ded05bdd808c46a1e4485e2,src/main/java/org/apache/commons/codec/digest/Digest.java,toString()Ljava/lang/String;,args,fixed
I,DM_DEFAULT_ENCODING,1,19,commons-codec,2697108cc9f1c7b089053143097c9f8843185462,61dcb07513fbb32c90e5ae90fa376bdf7705e2db,src/test/java/org/apache/commons/codec/binary/Base64InputStreamTest.java,64,64,caa142d0399f10ce3ec6fb843e679e2d8c07c43f,src/test/java/org/apache/commons/codec/binary/Base64InputStreamTest.java,testCodec130()V,NO_FIELD,fixed
V,MS_SHOULD_BE_FINAL,1,16,commons-codec,ddc7143ed89a6c92bbafb89bbe8e1fc4937a878c,ddc7143ed89a6c92bbafb89bbe8e1fc4937a878c,src/java/org/apache/commons/codec/language/bm/Languages.java,144,144,fee232d8cd73010fdcfee15ef1d3cb54a716a437,src/java/org/apache/commons/codec/language/bm/Languages.java,NO_METHOD,NO_LANGUAGES,fixed
D,INT_VACUOUS_BIT_OPERATION,2,17,commons-codec,4008ff9e49715f77cd6ac956b358160b7e416e69,fc393f7bdf6c971cb0dcd977d3015ad5ce524149,src/main/java/org/apache/commons/codec/digest/UnixCrypt.java,417,417,ace1dc41eb128bc0de794b376f446d276f80ef72,src/main/java/org/apache/commons/codec/digest/UnixCrypt.java,desSetKey([B)[I,NO_FIELD,fixed
I,DM_DEFAULT_ENCODING,1,19,commons-codec,9a84b3a53b37204c6ae9549ba41037c60f15479b,2b0fecf0fc85fcf69ac76419fe1dafe7c8e988f4,src/test/java/org/apache/commons/codec/digest/MurmurHash3Test.java,458,458,627b5fde397040acbf234bc132cc0f7cfaf4673e,src/test/java/org/apache/commons/codec/digest/MurmurHash3Test.java,testHash64()V,NO_FIELD,fixed
P,DM_FP_NUMBER_CTOR,3,20,commons-codec,a7c97274a35913bae9b3856e301c8dcf16acc36f,d911dd89a5b16ca8c16432fc60fcbc8e9ab2aa08,src/test/org/apache/commons/codec/net/BCodecTest.java,155,155,3400e5ef1c02763ce22c542aa5ec3f9e3ea04067,src/test/org/apache/commons/codec/net/BCodecTest.java,testDecodeObjects()V,NO_FIELD,fixed
P,DM_FP_NUMBER_CTOR,3,20,commons-codec,a7c97274a35913bae9b3856e301c8dcf16acc36f,d911dd89a5b16ca8c16432fc60fcbc8e9ab2aa08,src/test/org/apache/commons/codec/net/QuotedPrintableCodecTest.java,205,205,3400e5ef1c02763ce22c542aa5ec3f9e3ea04067,src/test/org/apache/commons/codec/net/QuotedPrintableStringCodecTest.java,testEncodeObjects()V,NO_FIELD,fixed
I,DM_DEFAULT_ENCODING,1,19,commons-codec,f4fc386ef66d0f2b2fda3578cc83312b69804813,f983a961455efed4dbfbfb7623e43941ba8d31e3,src/test/java/org/apache/commons/codec/binary/Base64Test.java,190,190,afc89ebca46a71a9a3a91c9ddea6e17b49282479,src/test/java/org/apache/commons/codec/binary/Base64Test.java,testCodeInteger4()V,NO_FIELD,fixed
I,DM_DEFAULT_ENCODING,1,19,commons-codec,7028095497c29edde3c0f320080f7d4aa5b22c98,cc6df030dd2bd4d8693f0b557f097ab3b321b18e,src/java/org/apache/commons/codec/digest/DigestUtils.java,381,381,25ad9f824aef478b61a774ed9402068ad215b23b,src/java/org/apache/commons/codec/digest/DigestUtils.java,sha384(Ljava/lang/String;)[B,NO_FIELD,fixed
I,DM_DEFAULT_ENCODING,1,19,commons-codec,32de66338764b8b75ac2e5b72465ef844caee4e5,0c667320394a25367f2009696abdcedbe2b19d49,src/test/java/org/apache/commons/codec/net/URLCodecTest.java,232,232,89bf8c4835873dea14d9e0162ee3c6f8bd965fd0,src/test/java/org/apache/commons/codec/net/URLCodecTest.java,testEncodeObjects()V,NO_FIELD,fixed
P,DM_FP_NUMBER_CTOR,3,20,commons-codec,32de66338764b8b75ac2e5b72465ef844caee4e5,ac7e904531c4509ecb9158e4b31cce95ed938119,src/test/java/org/apache/commons/codec/net/URLCodecTest.java,240,240,dd5e46203e5b12f4b65e76ef2e5c34197692b5b4,src/test/java/org/apache/commons/codec/net/URLCodecTest.java,testEncodeObjects()V,NO_FIELD,fixed
I,DM_DEFAULT_ENCODING,1,19,commons-codec,007d6b8423333630213d3ed1d2813ed22b59473d,1f5240e5f0a7c18e93dc68ee53c4a4ff9b6dfd69,src/test/java/org/apache/commons/codec/digest/DigestUtilsTest.java,250,250,b72d9cb7c21bcfe225b360f07268e96f5e42fd06,src/test/java/org/apache/commons/codec/digest/DigestUtilsTest.java,testSha1UpdateWithByteArray()V,NO_FIELD,fixed
D,RCN_REDUNDANT_NULLCHECK_OF_NONNULL_VALUE,3,20,commons-codec,89b1661fde38bd12c4d83b9fbe696db0c8657a78,ba966190a1f61520201b7d62fdf69aa6515e2e73,src/main/java/org/apache/commons/codec/digest/Sha2Crypt.java,146,146,27388c817bf558af48568ce724b9de080e80e8f1,src/main/java/org/apache/commons/codec/digest/Sha2Crypt.java,sha2Crypt([BLjava/lang/String;Ljava/lang/String;ILjava/lang/String;)Ljava/lang/String;,NO_FIELD,fixed
P,SIC_INNER_SHOULD_BE_STATIC,2,18,commons-codec,ddc7143ed89a6c92bbafb89bbe8e1fc4937a878c,fee232d8cd73010fdcfee15ef1d3cb54a716a437,src/java/org/apache/commons/codec/language/bm/PhoneticEngine.java,298,344,ae537ccef18ed5d78c89a750f99258e87d409948,src/java/org/apache/commons/codec/language/bm/PhoneticEngine.java,NO_METHOD,NO_FIELD,fixed
D,UC_USELESS_OBJECT,2,17,commons-codec,32de66338764b8b75ac2e5b72465ef844caee4e5,0c667320394a25367f2009696abdcedbe2b19d49,src/test/java/org/apache/commons/codec/language/DoubleMetaphoneTest.java,1167,1167,89bf8c4835873dea14d9e0162ee3c6f8bd965fd0,src/test/java/org/apache/commons/codec/language/DoubleMetaphoneTest.java,testIsDoubleMetaphoneEqualExtended3()V,NO_FIELD,fixed
P,DM_FP_NUMBER_CTOR,3,20,commons-codec,32de66338764b8b75ac2e5b72465ef844caee4e5,ac7e904531c4509ecb9158e4b31cce95ed938119,src/test/java/org/apache/commons/codec/net/BCodecTest.java,120,120,dd5e46203e5b12f4b65e76ef2e5c34197692b5b4,src/test/java/org/apache/commons/codec/net/BCodecTest.java,testEncodeObjects()V,NO_FIELD,fixed
I,DM_CONVERT_CASE,3,20,commons-codec,4075aa69bfff3d283fcf59ff371a3bcc43238b4e,9c0cabead7cf075308b11362172ae1a48d41321c,src/java/org/apache/commons/codec/language/Metaphone.java,88,88,52d82d1dfff8c2b2ded9d843e0b03017af6d747c,src/java/org/apache/commons/codec/language/Metaphone.java,metaphone(Ljava/lang/String;)Ljava/lang/String;,NO_FIELD,fixed
B,OS_OPEN_STREAM,2,16,commons-codec,a7c97274a35913bae9b3856e301c8dcf16acc36f,54f7ca3483251eab0621f75a3373231129753767,src/test/org/apache/commons/codec/binary/Base64InputStreamTest.java,53,53,c714697cb1a79c30ec4a30adc14d8efbdd9933c7,src/test/org/apache/commons/codec/binary/Base64InputStreamTest.java,testCodec105()V,NO_FIELD,fixed
D,SF_SWITCH_NO_DEFAULT,2,19,commons-codec,e2df85024e2ab99645a788b4b2836ba1cfdb87f5,875e5cfbc1a13550387262293ccdf450bded8b56,src/java/org/apache/commons/codec/binary/Base64.java,427,434,2f7454a01e4c2992bffc3d86137e632e80c5027f,src/java/org/apache/commons/codec/binary/Base64.java,decode([BII)V,NO_FIELD,fixed
V,MS_PKGPROTECT,2,18,commons-codec,4075aa69bfff3d283fcf59ff371a3bcc43238b4e,981c0002d5accb9ebc056b7a34025fd814c4e17f,src/java/org/apache/commons/codec/language/Soundex.java,50,50,cb63f4a959e30de6882b20af10d189c7307a6da2,src/java/org/apache/commons/codec/language/Soundex.java,NO_METHOD,US_ENGLISH_MAPPING,fixed
D,SA_FIELD_DOUBLE_ASSIGNMENT,3,20,commons-codec,e2df85024e2ab99645a788b4b2836ba1cfdb87f5,1b5b070a266b0e1f70302a8d4448d318d7a39a8e,src/java/org/apache/commons/codec/binary/Base64.java,426,426,df9d1bbcdf99349c471d934ab9df4cc7eae58c59,src/java/org/apache/commons/codec/binary/Base64.java,decode([BII)V,modulus,fixed
I,DM_DEFAULT_ENCODING,1,19,commons-codec,f4fc386ef66d0f2b2fda3578cc83312b69804813,c82fe35c48bd0082c16644d16d82d1be79d6b9d1,src/test/java/org/apache/commons/codec/binary/Base64Test.java,432,432,2ae03e1633ec0a79761b215e8eae2574106bec99,src/test/java/org/apache/commons/codec/binary/Base64Test.java,testKnownDecodings()V,NO_FIELD,fixed
I,DM_DEFAULT_ENCODING,1,19,commons-codec,081756b86e25ec5ea7bc786e88a7d56b76f88ef9,1b594c035d79b579819753938f5e53d9435b38b8,src/test/java/org/apache/commons/codec/binary/Base16Test.java,463,463,019ee2c989d21bb5de8e26a12bbf87f2f870fa7e,src/test/java/org/apache/commons/codec/binary/Base16Test.java,testTriplets()V,NO_FIELD,fixed
D,NP_LOAD_OF_KNOWN_NULL_VALUE,3,19,commons-codec,9a84b3a53b37204c6ae9549ba41037c60f15479b,0cf3f1169a635c59e27e18598269ccb6ece395a8,src/test/java/org/apache/commons/codec/binary/Base64Test.java,95,95,5a03f5a493240f26f27ccabe6b8ac7b701c2d5c5,src/test/java/org/apache/commons/codec/binary/Base64Test.java,testIsStringBase64()V,NO_FIELD,fixed
I,DM_DEFAULT_ENCODING,1,19,commons-codec,a7c97274a35913bae9b3856e301c8dcf16acc36f,778eb5418ac6627e67ffd69252d45f8f9fb2284a,src/test/java/org/apache/commons/codec/binary/Base64Test.java,260,260,622088ba07b5b9452b73e2b2867549540e431732,src/test/java/org/apache/commons/codec/binary/Base64Test.java,testDecodePadMarkerIndex3()V,NO_FIELD,fixed
P,DM_FP_NUMBER_CTOR,3,20,commons-codec,a7c97274a35913bae9b3856e301c8dcf16acc36f,d911dd89a5b16ca8c16432fc60fcbc8e9ab2aa08,src/test/org/apache/commons/codec/net/BCodecTest.java,119,119,3400e5ef1c02763ce22c542aa5ec3f9e3ea04067,src/test/org/apache/commons/codec/net/BCodecTest.java,testEncodeObjects()V,NO_FIELD,fixed
P,DM_FP_NUMBER_CTOR,3,20,commons-codec,32de66338764b8b75ac2e5b72465ef844caee4e5,ac7e904531c4509ecb9158e4b31cce95ed938119,src/test/java/org/apache/commons/codec/net/QuotedPrintableCodecTest.java,235,235,dd5e46203e5b12f4b65e76ef2e5c34197692b5b4,src/test/java/org/apache/commons/codec/net/QuotedPrintableCodecTest.java,testDecodeObjects()V,NO_FIELD,fixed
P,SS_SHOULD_BE_STATIC,2,18,commons-codec,924540abc919d32a8aaa92c6f18906f01e64e167,477db01dd858150534c5dc128630dc56c4f15aaf,src/main/java/org/apache/commons/codec/net/PercentCodec.java,45,45,a94813fb0ce4597d2465a273821306a055f35492,src/main/java/org/apache/commons/codec/net/PercentCodec.java,NO_METHOD,ESCAPE_CHAR,fixed
D,SF_SWITCH_NO_DEFAULT,2,19,commons-codec,2576c599bbcfc77272cd138fab749df9218ba622,622088ba07b5b9452b73e2b2867549540e431732,src/main/java/org/apache/commons/codec/binary/Base64.java,454,464,0a7bbe29d8ecc70ecb84c7f515ffc2e9394b0a75,src/main/java/org/apache/commons/codec/binary/Base64.java,decode([BII)V,NO_FIELD,fixed
I,DM_DEFAULT_ENCODING,1,19,commons-codec,4075aa69bfff3d283fcf59ff371a3bcc43238b4e,100d531386e69f70bc73a039b4a5776e4ab36cbf,src/java/org/apache/commons/codec/digest/DigestUtils.java,442,442,356aee756a4b13c717392032cc70ebfeba2ee0e6,src/java/org/apache/commons/codec/digest/DigestUtils.java,sha512(Ljava/lang/String;)[B,NO_FIELD,fixed
C,VA_FORMAT_STRING_BAD_CONVERSION_FROM_ARRAY,1,7,commons-codec,17a88b3a7558387d75d27e22771993a45969944f,01a0540a78f58f4d69cbf01adfc387874bad0706,src/main/java/org/apache/commons/codec/binary/BaseNCodec.java,102,102,28e7813133a8de8ded191fb6e010123a8e087cd9,src/main/java/org/apache/commons/codec/binary/BaseNCodec.java,toString()Ljava/lang/String;,buffer,fixed
V,EI_EXPOSE_REP2,2,18,commons-codec,9a84b3a53b37204c6ae9549ba41037c60f15479b,03ae658e5449d7a3b6c9fa2ee38e712b41d85123,src/test/java/org/apache/commons/codec/digest/HmacAlgorithmsTest.java,123,123,2b32ca08e1097c92d3ee2a1501c43fd8f2b4130d,src/test/java/org/apache/commons/codec/digest/HmacAlgorithmsTest.java,<init>(Lorg/apache/commons/codec/digest/HmacAlgorithms;[BLjava/lang/String;)V,standardResultBytes,fixed
P,DM_FP_NUMBER_CTOR,3,20,commons-codec,32de66338764b8b75ac2e5b72465ef844caee4e5,e9f1cd80e7f31a8fa4840ad0e62c6fd95869540f,src/test/java/org/apache/commons/codec/net/URLCodecTest.java,286,286,6ab7e0cd7e725cabba6d45ca9963859f7416c395,src/test/java/org/apache/commons/codec/net/URLCodecTest.java,testDecodeObjects()V,NO_FIELD,fixed
I,DM_DEFAULT_ENCODING,1,19,commons-codec,2ae03e1633ec0a79761b215e8eae2574106bec99,f983a961455efed4dbfbfb7623e43941ba8d31e3,src/test/java/org/apache/commons/codec/binary/Base64Test.java,284,284,afc89ebca46a71a9a3a91c9ddea6e17b49282479,src/test/java/org/apache/commons/codec/binary/Base64Test.java,testDecodePadMarkerIndex3()V,NO_FIELD,fixed
I,DM_DEFAULT_ENCODING,1,19,commons-codec,2ae03e1633ec0a79761b215e8eae2574106bec99,f983a961455efed4dbfbfb7623e43941ba8d31e3,src/test/java/org/apache/commons/codec/binary/Base64Test.java,451,451,afc89ebca46a71a9a3a91c9ddea6e17b49282479,src/test/java/org/apache/commons/codec/binary/Base64Test.java,testKnownEncodings()V,NO_FIELD,fixed
I,DM_CONVERT_CASE,3,20,commons-codec,89b1661fde38bd12c4d83b9fbe696db0c8657a78,68ae60d779e3bf4a46064fc1b537057478a627e4,src/main/java/org/apache/commons/codec/language/MatchRatingApproachEncoder.java,383,383,c600de52e107d1fd3d5a9c1aa1bdbbd6754622a7,src/main/java/org/apache/commons/codec/language/MatchRatingApproachEncoder.java,removeDoubleConsonants(Ljava/lang/String;)Ljava/lang/String;,NO_FIELD,fixed
I,DM_DEFAULT_ENCODING,1,19,commons-codec,a7c97274a35913bae9b3856e301c8dcf16acc36f,c683f14ef654ac62480d6f5bce9609106e09d5e2,src/test/java/org/apache/commons/codec/binary/Base64Test.java,344,344,85315cdf2f8a97083e891c026876223dd2d301d2,src/test/java/org/apache/commons/codec/binary/Base64Test.java,testEncodeDecodeSmall()V,NO_FIELD,fixed
I,DM_DEFAULT_ENCODING,1,19,commons-codec,a7c97274a35913bae9b3856e301c8dcf16acc36f,778eb5418ac6627e67ffd69252d45f8f9fb2284a,src/test/java/org/apache/commons/codec/binary/Base64Test.java,278,278,622088ba07b5b9452b73e2b2867549540e431732,src/test/java/org/apache/commons/codec/binary/Base64Test.java,testDecodePadOnlyChunked()V,NO_FIELD,fixed
P,DM_FP_NUMBER_CTOR,3,20,commons-codec,32de66338764b8b75ac2e5b72465ef844caee4e5,ac7e904531c4509ecb9158e4b31cce95ed938119,src/test/java/org/apache/commons/codec/net/QCodecTest.java,172,172,dd5e46203e5b12f4b65e76ef2e5c34197692b5b4,src/test/java/org/apache/commons/codec/net/QCodecTest.java,testDecodeObjects()V,NO_FIELD,fixed
C,IL_INFINITE_RECURSIVE_LOOP,1,9,commons-codec,cff360a340b48070d88a48f06e8748a916ce52e9,861646b25a39dcdf79bcf5a7643bfeb28e137a8c,src/main/java/org/apache/commons/codec/digest/HmacUtils.java,178,178,3ea4d5d580a78213504a4611fc7bbab58b93db0c,src/main/java/org/apache/commons/codec/digest/HmacUtils.java,getInitializedMac(Lorg/apache/commons/codec/digest/HmacAlgorithms;[B)Ljavax/crypto/Mac;,NO_FIELD,fixed
V,MS_SHOULD_BE_FINAL,1,16,commons-codec,7028095497c29edde3c0f320080f7d4aa5b22c98,85b09d76f239b20cf3e37e5507d371c355a9b318,src/java/org/apache/commons/codec/net/URLCodec.java,69,69,8269f17bdb90ebfbfc498503a601e085c7b458aa,src/java/org/apache/commons/codec/net/URLCodec.java,NO_METHOD,ESCAPE_CHAR,fixed
D,UC_USELESS_CONDITION,2,16,commons-codec,89b1661fde38bd12c4d83b9fbe696db0c8657a78,ba966190a1f61520201b7d62fdf69aa6515e2e73,src/main/java/org/apache/commons/codec/language/MatchRatingApproachEncoder.java,188,188,27388c817bf558af48568ce724b9de080e80e8f1,src/main/java/org/apache/commons/codec/language/MatchRatingApproachEncoder.java,getMinRating(I)I,NO_FIELD,fixed
D,SF_SWITCH_NO_DEFAULT,2,19,commons-codec,2576c599bbcfc77272cd138fab749df9218ba622,622088ba07b5b9452b73e2b2867549540e431732,src/main/java/org/apache/commons/codec/binary/Base32.java,384,424,0a7bbe29d8ecc70ecb84c7f515ffc2e9394b0a75,src/main/java/org/apache/commons/codec/binary/Base32.java,encode([BII)V,NO_FIELD,fixed
P,DM_NUMBER_CTOR,2,18,commons-codec,a7c97274a35913bae9b3856e301c8dcf16acc36f,54f7ca3483251eab0621f75a3373231129753767,src/test/org/apache/commons/codec/binary/Base64Test.java,472,472,c714697cb1a79c30ec4a30adc14d8efbdd9933c7,src/test/org/apache/commons/codec/binary/Base64Test.java,testObjectDecodeWithInvalidParameter()V,NO_FIELD,fixed
I,DM_DEFAULT_ENCODING,1,19,commons-codec,a7c97274a35913bae9b3856e301c8dcf16acc36f,d911dd89a5b16ca8c16432fc60fcbc8e9ab2aa08,src/test/org/apache/commons/codec/net/URLCodecTest.java,191,191,3400e5ef1c02763ce22c542aa5ec3f9e3ea04067,src/test/org/apache/commons/codec/net/URLCodecStringTest.java,testEncodeUrlWithNullBitSet()V,NO_FIELD,fixed
I,DM_DEFAULT_ENCODING,1,19,commons-codec,f4fc386ef66d0f2b2fda3578cc83312b69804813,f983a961455efed4dbfbfb7623e43941ba8d31e3,src/test/java/org/apache/commons/codec/binary/Base64Test.java,302,302,afc89ebca46a71a9a3a91c9ddea6e17b49282479,src/test/java/org/apache/commons/codec/binary/Base64Test.java,testDecodePadOnlyChunked()V,NO_FIELD,fixed
I,DM_DEFAULT_ENCODING,1,19,commons-codec,7028095497c29edde3c0f320080f7d4aa5b22c98,bade1b72d526fb6493f1b11d8f2e63e51793af91,src/java/org/apache/commons/codec/binary/Hex.java,205,205,b3607d8b91c7f164cb3b2aa67035bd5c468fcc56,src/java/org/apache/commons/codec/binary/Hex.java,encode([B)[B,NO_FIELD,fixed
C,NP_NONNULL_PARAM_VIOLATION,1,6,commons-codec,62d55fdd9ff6ae56789b38808a60b49aa30a18ce,438b54b2075652215a75a834ee64ec5b0b29a6f8,src/test/java/org/apache/commons/codec/cli/DigestTest.java,48,48,80fffec4ee9d44a18a4742d53971ed054b1346e6,src/test/java/org/apache/commons/codec/cli/DigestTest.java,testNullArguments()V,NO_FIELD,fixed
P,SBSC_USE_STRINGBUFFER_CONCATENATION,2,18,commons-codec,1573a121c4fa7b39f4f49691cc5fde3cccf4c7a1,b7d0dab28185046ffc64b8f36d231a2274b839c6,src/java/org/apache/commons/codec/language/bm/PhoneticEngine.java,406,406,ddc7143ed89a6c92bbafb89bbe8e1fc4937a878c,src/java/org/apache/commons/codec/language/bm/PhoneticEngine.java,applyRuleIfCompatible(Ljava/lang/String;Ljava/lang/String;Ljava/util/Set;)Ljava/lang/String;,NO_FIELD,fixed
I,DM_CONVERT_CASE,3,20,commons-codec,4075aa69bfff3d283fcf59ff371a3bcc43238b4e,9c0cabead7cf075308b11362172ae1a48d41321c,src/java/org/apache/commons/codec/language/DoubleMetaphone.java,926,926,52d82d1dfff8c2b2ded9d843e0b03017af6d747c,src/java/org/apache/commons/codec/language/DoubleMetaphone.java,cleanInput(Ljava/lang/String;)Ljava/lang/String;,NO_FIELD,fixed
D,SF_SWITCH_NO_DEFAULT,2,19,commons-codec,0a7bbe29d8ecc70ecb84c7f515ffc2e9394b0a75,0a7bbe29d8ecc70ecb84c7f515ffc2e9394b0a75,src/main/java/org/apache/commons/codec/binary/Base32.java,320,349,5cd45cca92b4ba31d55f2e5d28aacf2a5d3fca22,src/main/java/org/apache/commons/codec/binary/Base32.java,decode([BIILorg/apache/commons/codec/binary/BaseNCodec$Context;)V,NO_FIELD,fixed
P,SS_SHOULD_BE_STATIC,2,18,commons-codec,9a84b3a53b37204c6ae9549ba41037c60f15479b,8d4b53d55d2008339e12eb280d077e072fd6f5fe,src/main/java/org/apache/commons/codec/binary/BaseNCodec.java,170,170,b5b90e9f6500d72fc68304d4aa1a5f41a4e2e46b,src/main/java/org/apache/commons/codec/binary/BaseNCodec.java,NO_METHOD,PAD,fixed
I,DM_DEFAULT_ENCODING,1,19,commons-codec,a7c97274a35913bae9b3856e301c8dcf16acc36f,778eb5418ac6627e67ffd69252d45f8f9fb2284a,src/test/java/org/apache/commons/codec/binary/Base64Test.java,376,376,622088ba07b5b9452b73e2b2867549540e431732,src/test/java/org/apache/commons/codec/binary/Base64Test.java,testIgnoringNonBase64InDecode()V,NO_FIELD,fixed
I,DM_DEFAULT_ENCODING,1,19,commons-codec,4075aa69bfff3d283fcf59ff371a3bcc43238b4e,100d531386e69f70bc73a039b4a5776e4ab36cbf,src/java/org/apache/commons/codec/digest/DigestUtils.java,269,269,356aee756a4b13c717392032cc70ebfeba2ee0e6,src/java/org/apache/commons/codec/digest/DigestUtils.java,sha256(Ljava/lang/String;)[B,NO_FIELD,fixed
B,RR_NOT_CHECKED,2,16,commons-codec,9a84b3a53b37204c6ae9549ba41037c60f15479b,0cf3f1169a635c59e27e18598269ccb6ece395a8,src/test/java/org/apache/commons/codec/binary/Base64InputStreamTest.java,485,485,5a03f5a493240f26f27ccabe6b8ac7b701c2d5c5,src/test/java/org/apache/commons/codec/binary/Base64InputStreamTest.java,testReadOutOfBounds()V,NO_FIELD,fixed
I,DM_DEFAULT_ENCODING,1,19,commons-codec,9a84b3a53b37204c6ae9549ba41037c60f15479b,ef6023c551fc6144fa1f8ac776236dfd712a7a39,src/test/java/org/apache/commons/codec/digest/MurmurHash3Test.java,630,630,f40005ad5a9c892fa8d216b12029a49062224351,src/test/java/org/apache/commons/codec/digest/MurmurHash3Test.java,testHash128String()V,NO_FIELD,fixed
P,DM_FP_NUMBER_CTOR,3,20,commons-codec,32de66338764b8b75ac2e5b72465ef844caee4e5,477db01dd858150534c5dc128630dc56c4f15aaf,src/test/java/org/apache/commons/codec/net/QuotedPrintableCodecTest.java,204,204,a94813fb0ce4597d2465a273821306a055f35492,src/test/java/org/apache/commons/codec/net/QuotedPrintableCodecTest.java,testEncodeObjects()V,NO_FIELD,fixed
I,DM_CONVERT_CASE,3,20,commons-codec,4075aa69bfff3d283fcf59ff371a3bcc43238b4e,9c0cabead7cf075308b11362172ae1a48d41321c,src/java/org/apache/commons/codec/language/SoundexUtils.java,53,53,52d82d1dfff8c2b2ded9d843e0b03017af6d747c,src/java/org/apache/commons/codec/language/SoundexUtils.java,clean(Ljava/lang/String;)Ljava/lang/String;,NO_FIELD,fixed
D,DLS_DEAD_LOCAL_STORE,3,20,commons-codec,ddc7143ed89a6c92bbafb89bbe8e1fc4937a878c,5214caa011c0a976475f1f5ed2fbe4aa54c08589,src/test/org/apache/commons/codec/language/bm/BeiderMorseEncoderTest.java,179,179,0c0c69288e84e858a34a0db2c1c385a35235f437,src/test/org/apache/commons/codec/language/bm/BeiderMorseEncoderTest.java,testSpeedCheck()V,NO_FIELD,fixed
P,SBSC_USE_STRINGBUFFER_CONCATENATION,2,18,commons-codec,1573a121c4fa7b39f4f49691cc5fde3cccf4c7a1,b7d0dab28185046ffc64b8f36d231a2274b839c6,src/java/org/apache/commons/codec/language/bm/PhoneticEngine.java,367,367,ddc7143ed89a6c92bbafb89bbe8e1fc4937a878c,src/java/org/apache/commons/codec/language/bm/PhoneticEngine.java,expand(Ljava/lang/String;)Ljava/lang/String;,NO_FIELD,fixed
I,DM_DEFAULT_ENCODING,1,19,commons-codec,f4fc386ef66d0f2b2fda3578cc83312b69804813,f983a961455efed4dbfbfb7623e43941ba8d31e3,src/test/java/org/apache/commons/codec/binary/Base64Test.java,538,538,afc89ebca46a71a9a3a91c9ddea6e17b49282479,src/test/java/org/apache/commons/codec/binary/Base64Test.java,testObjectEncodeWithValidParameter()V,NO_FIELD,fixed
D,SA_FIELD_DOUBLE_ASSIGNMENT,2,17,commons-codec,0309db6bdcc133c4f6ad871c28fbe468df8f6c55,9ac451e968c2e582716af59c3c1a06208a9b213a,src/java/org/apache/commons/codec/binary/Base64.java,366,366,56730f9160d3917e180dcbdc2cf133e7a5da0b7f,src/java/org/apache/commons/codec/binary/Base64.java,encode([BII)V,modulus,fixed
I,DM_DEFAULT_ENCODING,1,19,commons-codec,4075aa69bfff3d283fcf59ff371a3bcc43238b4e,d0ff33a67f6393e4d50d82c5f4db8506a622bd47,src/java/org/apache/commons/codec/binary/Base64.java,59,59,a8502b5f546eddda66cc5d75c3c4552ea81c9ef5,src/java/org/apache/commons/codec/binary/Base64.java,<clinit>()V,NO_FIELD,fixed
P,DM_FP_NUMBER_CTOR,3,20,commons-codec,a7c97274a35913bae9b3856e301c8dcf16acc36f,d911dd89a5b16ca8c16432fc60fcbc8e9ab2aa08,src/test/org/apache/commons/codec/net/QCodecTest.java,183,183,3400e5ef1c02763ce22c542aa5ec3f9e3ea04067,src/test/org/apache/commons/codec/net/QCodecTest.java,testDecodeObjects()V,NO_FIELD,fixed
I,DM_DEFAULT_ENCODING,1,19,commons-codec,081756b86e25ec5ea7bc786e88a7d56b76f88ef9,1b594c035d79b579819753938f5e53d9435b38b8,src/test/java/org/apache/commons/codec/binary/Base16Test.java,350,350,019ee2c989d21bb5de8e26a12bbf87f2f870fa7e,src/test/java/org/apache/commons/codec/binary/Base16Test.java,testSingletons()V,NO_FIELD,fixed
I,DM_DEFAULT_ENCODING,1,19,commons-codec,fc3e6769ee8dbc6d1ec06ff50547e1121b47801d,03ae658e5449d7a3b6c9fa2ee38e712b41d85123,src/test/java/org/apache/commons/codec/binary/Base16Test.java,257,257,2b32ca08e1097c92d3ee2a1501c43fd8f2b4130d,src/test/java/org/apache/commons/codec/binary/Base16Test.java,testObjectEncode()V,NO_FIELD,fixed
D,SF_SWITCH_NO_DEFAULT,2,19,commons-codec,2bcdfd86643761c239ec40e6e1e2f05855a07f95,1490fbf959fc0e7bc5d8be43250689ebf625942d,src/main/java/org/apache/commons/codec/digest/MurmurHash3.java,932,944,1645ab953ce98bffaff2424cd0b3d2501e21b04f,src/main/java/org/apache/commons/codec/digest/MurmurHash3.java,end()I,NO_FIELD,fixed
I,DM_DEFAULT_ENCODING,1,19,commons-codec,f4fc386ef66d0f2b2fda3578cc83312b69804813,f983a961455efed4dbfbfb7623e43941ba8d31e3,src/test/java/org/apache/commons/codec/binary/Base64Test.java,551,551,afc89ebca46a71a9a3a91c9ddea6e17b49282479,src/test/java/org/apache/commons/codec/binary/Base64Test.java,testPairs()V,NO_FIELD,fixed
D,INT_VACUOUS_BIT_OPERATION,2,17,commons-codec,4008ff9e49715f77cd6ac956b358160b7e416e69,fc393f7bdf6c971cb0dcd977d3015ad5ce524149,src/main/java/org/apache/commons/codec/digest/UnixCrypt.java,341,341,ace1dc41eb128bc0de794b376f446d276f80ef72,src/main/java/org/apache/commons/codec/digest/UnixCrypt.java,body([III)[I,NO_FIELD,fixed
I,DM_DEFAULT_ENCODING,1,19,commons-codec,f4fc386ef66d0f2b2fda3578cc83312b69804813,f983a961455efed4dbfbfb7623e43941ba8d31e3,src/test/java/org/apache/commons/codec/binary/Base64Test.java,1258,1258,afc89ebca46a71a9a3a91c9ddea6e17b49282479,src/test/java/org/apache/commons/codec/binary/Base64Test.java,testHugeLineSeparator()V,NO_FIELD,fixed
I,DM_DEFAULT_ENCODING,1,19,commons-codec,9a84b3a53b37204c6ae9549ba41037c60f15479b,ef6023c551fc6144fa1f8ac776236dfd712a7a39,src/test/java/org/apache/commons/codec/digest/MurmurHash3Test.java,358,358,f40005ad5a9c892fa8d216b12029a49062224351,src/test/java/org/apache/commons/codec/digest/MurmurHash3Test.java,testHash32String()V,NO_FIELD,fixed
D,UWF_FIELD_NOT_INITIALIZED_IN_CONSTRUCTOR,3,20,commons-codec,9a84b3a53b37204c6ae9549ba41037c60f15479b,3ab9ce4b76848afd2da7dca3e37c46259dd70866,src/test/java/org/apache/commons/codec/digest/MessageDigestAlgorithmsTest.java,106,106,625cedf140f383f3f5c4f992906a4bb6b809dfd7,src/test/java/org/apache/commons/codec/digest/MessageDigestAlgorithmsTest.java,getTestFile()Ljava/io/File;,digestUtilsTest,fixed
I,DM_DEFAULT_ENCODING,1,19,commons-codec,9a84b3a53b37204c6ae9549ba41037c60f15479b,438b54b2075652215a75a834ee64ec5b0b29a6f8,src/test/java/org/apache/commons/codec/digest/Apr1CryptTest.java,97,97,80fffec4ee9d44a18a4742d53971ed054b1346e6,src/test/java/org/apache/commons/codec/digest/Apr1CryptTest.java,testApr1CryptWithEmptySalt()V,NO_FIELD,fixed
P,DM_FP_NUMBER_CTOR,3,20,commons-codec,32de66338764b8b75ac2e5b72465ef844caee4e5,477db01dd858150534c5dc128630dc56c4f15aaf,src/test/java/org/apache/commons/codec/net/BCodecTest.java,144,144,a94813fb0ce4597d2465a273821306a055f35492,src/test/java/org/apache/commons/codec/net/BCodecTest.java,testDecodeObjects()V,NO_FIELD,fixed
I,DM_DEFAULT_ENCODING,1,19,commons-codec,f4fc386ef66d0f2b2fda3578cc83312b69804813,f983a961455efed4dbfbfb7623e43941ba8d31e3,src/test/java/org/apache/commons/codec/binary/Base64Test.java,546,546,afc89ebca46a71a9a3a91c9ddea6e17b49282479,src/test/java/org/apache/commons/codec/binary/Base64Test.java,testObjectEncode()V,NO_FIELD,fixed
I,DM_DEFAULT_ENCODING,1,19,commons-codec,9a84b3a53b37204c6ae9549ba41037c60f15479b,2b0fecf0fc85fcf69ac76419fe1dafe7c8e988f4,src/test/java/org/apache/commons/codec/digest/MurmurHash3Test.java,469,469,627b5fde397040acbf234bc132cc0f7cfaf4673e,src/test/java/org/apache/commons/codec/digest/MurmurHash3Test.java,testHash64WithOffsetAndLength()V,NO_FIELD,fixed
P,DM_FP_NUMBER_CTOR,3,20,commons-codec,32de66338764b8b75ac2e5b72465ef844caee4e5,477db01dd858150534c5dc128630dc56c4f15aaf,src/test/java/org/apache/commons/codec/net/BCodecTest.java,120,120,a94813fb0ce4597d2465a273821306a055f35492,src/test/java/org/apache/commons/codec/net/BCodecTest.java,testEncodeObjects()V,NO_FIELD,fixed
D,PZLA_PREFER_ZERO_LENGTH_ARRAYS,3,20,commons-codec,b8a168df404754ba324f743dd710e0f654aae201,b8a168df404754ba324f743dd710e0f654aae201,src/main/java/org/apache/commons/codec/binary/Base64.java,697,697,c8742a898db78494c0da82dddbbc39f0fa92ad38,src/main/java/org/apache/commons/codec/binary/Base64.java,decodeBase64(Ljava/lang/String;)[B,NO_FIELD,fixed
D,NP_LOAD_OF_KNOWN_NULL_VALUE,3,19,commons-codec,a7c97274a35913bae9b3856e301c8dcf16acc36f,d911dd89a5b16ca8c16432fc60fcbc8e9ab2aa08,src/test/org/apache/commons/codec/net/URLCodecTest.java,202,202,3400e5ef1c02763ce22c542aa5ec3f9e3ea04067,src/test/org/apache/commons/codec/net/URLCodecStringTest.java,testDecodeWithNullArray()V,NO_FIELD,fixed
B,SR_NOT_CHECKED,2,16,commons-codec,9a84b3a53b37204c6ae9549ba41037c60f15479b,438b54b2075652215a75a834ee64ec5b0b29a6f8,src/test/java/org/apache/commons/codec/binary/Base64InputStreamTest.java,569,569,80fffec4ee9d44a18a4742d53971ed054b1346e6,src/test/java/org/apache/commons/codec/binary/Base64InputStreamTest.java,testSkipWrongArgument()V,NO_FIELD,fixed
I,DM_DEFAULT_ENCODING,1,19,commons-codec,f4fc386ef66d0f2b2fda3578cc83312b69804813,f983a961455efed4dbfbfb7623e43941ba8d31e3,src/test/java/org/apache/commons/codec/binary/Base64Test.java,722,722,afc89ebca46a71a9a3a91c9ddea6e17b49282479,src/test/java/org/apache/commons/codec/binary/Base64Test.java,testSingletons()V,NO_FIELD,fixed
I,DM_DEFAULT_ENCODING,1,19,commons-codec,081756b86e25ec5ea7bc786e88a7d56b76f88ef9,1b594c035d79b579819753938f5e53d9435b38b8,src/test/java/org/apache/commons/codec/binary/Base16Test.java,237,237,019ee2c989d21bb5de8e26a12bbf87f2f870fa7e,src/test/java/org/apache/commons/codec/binary/Base16Test.java,testKnownDecodings()V,NO_FIELD,fixed
I,DM_DEFAULT_ENCODING,1,19,commons-codec,081756b86e25ec5ea7bc786e88a7d56b76f88ef9,1b594c035d79b579819753938f5e53d9435b38b8,src/test/java/org/apache/commons/codec/binary/Base16Test.java,341,341,019ee2c989d21bb5de8e26a12bbf87f2f870fa7e,src/test/java/org/apache/commons/codec/binary/Base16Test.java,testPairs()V,NO_FIELD,fixed
I,DM_DEFAULT_ENCODING,1,19,commons-codec,9a84b3a53b37204c6ae9549ba41037c60f15479b,ef6023c551fc6144fa1f8ac776236dfd712a7a39,src/main/java/org/apache/commons/codec/digest/MurmurHash3.java,769,769,f40005ad5a9c892fa8d216b12029a49062224351,src/main/java/org/apache/commons/codec/digest/MurmurHash3.java,hash128(Ljava/lang/String;)[J,NO_FIELD,fixed
I,DM_DEFAULT_ENCODING,1,19,commons-codec,7028095497c29edde3c0f320080f7d4aa5b22c98,cc6df030dd2bd4d8693f0b557f097ab3b321b18e,src/java/org/apache/commons/codec/digest/DigestUtils.java,289,289,25ad9f824aef478b61a774ed9402068ad215b23b,src/java/org/apache/commons/codec/digest/DigestUtils.java,sha256(Ljava/lang/String;)[B,NO_FIELD,fixed
P,URF_UNREAD_FIELD,3,20,commons-codec,ddc7143ed89a6c92bbafb89bbe8e1fc4937a878c,8913cb4ed2606ff4be6e6e3d046ef3d4cfe69c17,src/test/org/apache/commons/codec/language/bm/RuleTest.java,58,58,161677911f5ab798708503eb13859e8403281c7f,src/test/org/apache/commons/codec/language/bm/RuleTest.java,NO_METHOD,expected,fixed
I,DM_DEFAULT_ENCODING,1,19,commons-codec,a7c97274a35913bae9b3856e301c8dcf16acc36f,21d7caa09a2f0e4565670204e20301f9f8d71ed2,src/test/org/apache/commons/codec2/binary/Base64Test.java,527,527,d905bc98e372c13c1c43ccc60bfa688bf7531e07,src/test/org/apache/commons/codec/binary/Base64Test.java,testPairs()V,NO_FIELD,fixed
I,DM_DEFAULT_ENCODING,1,19,commons-codec,a7c97274a35913bae9b3856e301c8dcf16acc36f,d911dd89a5b16ca8c16432fc60fcbc8e9ab2aa08,src/test/org/apache/commons/codec/binary/BinaryCodecTest.java,706,706,3400e5ef1c02763ce22c542aa5ec3f9e3ea04067,src/test/org/apache/commons/codec/binary/BinaryCharCodecTest.java,testToAsciiBytes()V,NO_FIELD,fixed
I,DM_DEFAULT_ENCODING,1,19,commons-codec,f4fc386ef66d0f2b2fda3578cc83312b69804813,c82fe35c48bd0082c16644d16d82d1be79d6b9d1,src/test/java/org/apache/commons/codec/binary/Base64Test.java,542,542,2ae03e1633ec0a79761b215e8eae2574106bec99,src/test/java/org/apache/commons/codec/binary/Base64Test.java,testObjectEncode()V,NO_FIELD,fixed
V,EI_EXPOSE_REP2,2,18,commons-codec,4075aa69bfff3d283fcf59ff371a3bcc43238b4e,981c0002d5accb9ebc056b7a34025fd814c4e17f,src/java/org/apache/commons/codec/language/RefinedSoundex.java,71,71,cb63f4a959e30de6882b20af10d189c7307a6da2,src/java/org/apache/commons/codec/language/RefinedSoundex.java,<init>([C)V,soundexMapping,fixed
D,SF_SWITCH_FALLTHROUGH,2,17,commons-codec,e2df85024e2ab99645a788b4b2836ba1cfdb87f5,1b5b070a266b0e1f70302a8d4448d318d7a39a8e,src/java/org/apache/commons/codec/binary/Base64.java,430,432,df9d1bbcdf99349c471d934ab9df4cc7eae58c59,src/java/org/apache/commons/codec/binary/Base64.java,decode([BII)V,NO_FIELD,fixed
P,DM_FP_NUMBER_CTOR,3,20,commons-codec,32de66338764b8b75ac2e5b72465ef844caee4e5,e9f1cd80e7f31a8fa4840ad0e62c6fd95869540f,src/test/java/org/apache/commons/codec/net/URLCodecTest.java,240,240,6ab7e0cd7e725cabba6d45ca9963859f7416c395,src/test/java/org/apache/commons/codec/net/URLCodecTest.java,testEncodeObjects()V,NO_FIELD,fixed
I,DM_DEFAULT_ENCODING,1,19,commons-codec,4075aa69bfff3d283fcf59ff371a3bcc43238b4e,100d531386e69f70bc73a039b4a5776e4ab36cbf,src/java/org/apache/commons/codec/digest/DigestUtils.java,229,229,356aee756a4b13c717392032cc70ebfeba2ee0e6,src/java/org/apache/commons/codec/digest/DigestUtils.java,sha(Ljava/lang/String;)[B,NO_FIELD,fixed
D,UCF_USELESS_CONTROL_FLOW,3,20,commons-codec,a7c97274a35913bae9b3856e301c8dcf16acc36f,fbefe56c0a41a1742872c9d0f624e5c32710ab4e,src/test/java/org/apache/commons/codec/language/DoubleMetaphoneTest.java,1197,1197,07cf4e960d36aa15688e6a7989351b294ef749fa,src/test/java/org/apache/commons/codec/language/DoubleMetaphoneTest.java,testIsDoubleMetaphoneEqualExtended3()V,NO_FIELD,fixed
P,DM_FP_NUMBER_CTOR,3,20,commons-codec,32de66338764b8b75ac2e5b72465ef844caee4e5,477db01dd858150534c5dc128630dc56c4f15aaf,src/test/java/org/apache/commons/codec/net/QCodecTest.java,172,172,a94813fb0ce4597d2465a273821306a055f35492,src/test/java/org/apache/commons/codec/net/QCodecTest.java,testDecodeObjects()V,NO_FIELD,fixed
B,RR_NOT_CHECKED,2,16,commons-codec,9a84b3a53b37204c6ae9549ba41037c60f15479b,0cf3f1169a635c59e27e18598269ccb6ece395a8,src/test/java/org/apache/commons/codec/binary/Base64InputStreamTest.java,464,464,5a03f5a493240f26f27ccabe6b8ac7b701c2d5c5,src/test/java/org/apache/commons/codec/binary/Base64InputStreamTest.java,testReadNull()V,NO_FIELD,fixed
P,DM_FP_NUMBER_CTOR,3,20,commons-codec,32de66338764b8b75ac2e5b72465ef844caee4e5,ac7e904531c4509ecb9158e4b31cce95ed938119,src/test/java/org/apache/commons/codec/net/QuotedPrintableCodecTest.java,204,204,dd5e46203e5b12f4b65e76ef2e5c34197692b5b4,src/test/java/org/apache/commons/codec/net/QuotedPrintableCodecTest.java,testEncodeObjects()V,NO_FIELD,fixed
D,ICAST_INTEGER_MULTIPLY_CAST_TO_LONG,2,17,commons-codec,e810384bf01c1ea545757b06af73a4bb2b2401ab,e7b46fdf5fc20526e0058946f5d47c0e4c3809ee,src/java/org/apache/commons/codec/binary/BaseNCodec.java,432,432,c86b5e26e0b9195f4928741b5b7dcd3d857f4de5,src/java/org/apache/commons/codec/binary/BaseNCodec.java,getEncodedLength([B)J,NO_FIELD,fixed
I,DM_DEFAULT_ENCODING,1,19,commons-codec,9a84b3a53b37204c6ae9549ba41037c60f15479b,ef6023c551fc6144fa1f8ac776236dfd712a7a39,src/test/java/org/apache/commons/codec/digest/MurmurHash3Test.java,469,469,f40005ad5a9c892fa8d216b12029a49062224351,src/test/java/org/apache/commons/codec/digest/MurmurHash3Test.java,testHash64WithOffsetAndLength()V,NO_FIELD,fixed
I,DM_DEFAULT_ENCODING,1,19,commons-codec,7028095497c29edde3c0f320080f7d4aa5b22c98,cc6df030dd2bd4d8693f0b557f097ab3b321b18e,src/java/org/apache/commons/codec/digest/DigestUtils.java,174,174,25ad9f824aef478b61a774ed9402068ad215b23b,src/java/org/apache/commons/codec/digest/DigestUtils.java,md5(Ljava/lang/String;)[B,NO_FIELD,fixed
P,DM_FP_NUMBER_CTOR,3,20,commons-codec,32de66338764b8b75ac2e5b72465ef844caee4e5,ac7e904531c4509ecb9158e4b31cce95ed938119,src/test/java/org/apache/commons/codec/net/BCodecTest.java,144,144,dd5e46203e5b12f4b65e76ef2e5c34197692b5b4,src/test/java/org/apache/commons/codec/net/BCodecTest.java,testDecodeObjects()V,NO_FIELD,fixed
P,DM_FP_NUMBER_CTOR,3,20,commons-codec,32de66338764b8b75ac2e5b72465ef844caee4e5,ac7e904531c4509ecb9158e4b31cce95ed938119,src/test/java/org/apache/commons/codec/StringEncoderComparatorTest.java,72,72,dd5e46203e5b12f4b65e76ef2e5c34197692b5b4,src/test/java/org/apache/commons/codec/StringEncoderComparatorTest.java,testComparatorWithDoubleMetaphoneAndInvalidInput()V,NO_FIELD,fixed
D,NP_LOAD_OF_KNOWN_NULL_VALUE,3,19,commons-codec,081756b86e25ec5ea7bc786e88a7d56b76f88ef9,1b594c035d79b579819753938f5e53d9435b38b8,src/test/java/org/apache/commons/codec/binary/Base16Test.java,70,70,019ee2c989d21bb5de8e26a12bbf87f2f870fa7e,src/test/java/org/apache/commons/codec/binary/Base16Test.java,testIsStringBase16()V,NO_FIELD,fixed
I,DM_DEFAULT_ENCODING,1,19,commons-codec,9a84b3a53b37204c6ae9549ba41037c60f15479b,ef6023c551fc6144fa1f8ac776236dfd712a7a39,src/main/java/org/apache/commons/codec/digest/MurmurHash2.java,255,255,f40005ad5a9c892fa8d216b12029a49062224351,src/main/java/org/apache/commons/codec/digest/MurmurHash2.java,hash64(Ljava/lang/String;)J,NO_FIELD,fixed
P,DM_FP_NUMBER_CTOR,3,20,commons-codec,a7c97274a35913bae9b3856e301c8dcf16acc36f,d911dd89a5b16ca8c16432fc60fcbc8e9ab2aa08,src/test/org/apache/commons/codec/net/URLCodecTest.java,286,286,3400e5ef1c02763ce22c542aa5ec3f9e3ea04067,src/test/org/apache/commons/codec/net/URLCodecStringTest.java,testDecodeObjects()V,NO_FIELD,fixed
D,SF_SWITCH_NO_DEFAULT,2,19,commons-codec,5cd45cca92b4ba31d55f2e5d28aacf2a5d3fca22,f424976a31abcc77c7bd1ce558437e04c7fe68f5,src/main/java/org/apache/commons/codec/binary/Base32.java,384,424,3f41cf1609fae7c8848beb0655bcf67132c7a277,src/main/java/org/apache/commons/codec/binary/Base32.java,encode([BII)V,NO_FIELD,fixed
D,RCN_REDUNDANT_NULLCHECK_OF_NONNULL_VALUE,3,20,commons-codec,89b1661fde38bd12c4d83b9fbe696db0c8657a78,ba966190a1f61520201b7d62fdf69aa6515e2e73,src/main/java/org/apache/commons/codec/digest/Md5Crypt.java,189,189,27388c817bf558af48568ce724b9de080e80e8f1,src/main/java/org/apache/commons/codec/digest/Md5Crypt.java,md5Crypt([BLjava/lang/String;Ljava/lang/String;)Ljava/lang/String;,NO_FIELD,fixed
I,DM_CONVERT_CASE,3,20,commons-codec,66555de56715ccb185dee4dd2b25b1e93cc5c73e,9c0cabead7cf075308b11362172ae1a48d41321c,src/java/org/apache/commons/codec/language/Caverphone.java,59,59,52d82d1dfff8c2b2ded9d843e0b03017af6d747c,src/java/org/apache/commons/codec/language/Caverphone.java,caverphone(Ljava/lang/String;)Ljava/lang/String;,NO_FIELD,fixed
V,MS_SHOULD_BE_FINAL,1,16,commons-codec,ddc7143ed89a6c92bbafb89bbe8e1fc4937a878c,ddc7143ed89a6c92bbafb89bbe8e1fc4937a878c,src/java/org/apache/commons/codec/language/bm/Languages.java,174,174,fee232d8cd73010fdcfee15ef1d3cb54a716a437,src/java/org/apache/commons/codec/language/bm/Languages.java,NO_METHOD,ANY_LANGUAGE,fixed
P,SBSC_USE_STRINGBUFFER_CONCATENATION,2,18,commons-codec,4008ff9e49715f77cd6ac956b358160b7e416e69,63c51caac73a4e9059750c3146e3b028e44d1bb4,src/main/java/org/apache/commons/codec/digest/UnixCrypt.java,375,375,03d62b63f1d8c6551d59893fd3f5dc1add6d3132,src/main/java/org/apache/commons/codec/digest/UnixCrypt.java,crypt([BLjava/lang/String;)Ljava/lang/String;,NO_FIELD,fixed
I,DM_DEFAULT_ENCODING,1,19,commons-codec,a7c97274a35913bae9b3856e301c8dcf16acc36f,778eb5418ac6627e67ffd69252d45f8f9fb2284a,src/test/java/org/apache/commons/codec/net/QuotedPrintableCodecTest.java,157,157,622088ba07b5b9452b73e2b2867549540e431732,src/test/java/org/apache/commons/codec/net/QuotedPrintableCodecTest.java,testEncodeUrlWithNullBitSet()V,NO_FIELD,fixed
D,NP_LOAD_OF_KNOWN_NULL_VALUE,3,19,commons-codec,f4fc386ef66d0f2b2fda3578cc83312b69804813,f983a961455efed4dbfbfb7623e43941ba8d31e3,src/test/java/org/apache/commons/codec/binary/Base64Test.java,68,68,afc89ebca46a71a9a3a91c9ddea6e17b49282479,src/test/java/org/apache/commons/codec/binary/Base64Test.java,testIsStringBase64()V,NO_FIELD,fixed
D,NP_LOAD_OF_KNOWN_NULL_VALUE,3,19,commons-codec,5a03f5a493240f26f27ccabe6b8ac7b701c2d5c5,03ae658e5449d7a3b6c9fa2ee38e712b41d85123,src/test/java/org/apache/commons/codec/binary/Base64Test.java,94,94,2b32ca08e1097c92d3ee2a1501c43fd8f2b4130d,src/test/java/org/apache/commons/codec/binary/Base64Test.java,testIsStringBase64()V,NO_FIELD,fixed
D,RV_RETURN_VALUE_IGNORED_NO_SIDE_EFFECT,2,17,commons-codec,081756b86e25ec5ea7bc786e88a7d56b76f88ef9,1b594c035d79b579819753938f5e53d9435b38b8,src/test/java/org/apache/commons/codec/binary/Base16Test.java,70,70,019ee2c989d21bb5de8e26a12bbf87f2f870fa7e,src/test/java/org/apache/commons/codec/binary/Base16Test.java,testIsStringBase16()V,NO_FIELD,fixed
I,DM_DEFAULT_ENCODING,1,19,commons-codec,32de66338764b8b75ac2e5b72465ef844caee4e5,0c667320394a25367f2009696abdcedbe2b19d49,src/test/java/org/apache/commons/codec/binary/Base64Test.java,405,405,89bf8c4835873dea14d9e0162ee3c6f8bd965fd0,src/test/java/org/apache/commons/codec/binary/Base64Test.java,testEncodeDecodeSmall()V,NO_FIELD,fixed
I,DM_DEFAULT_ENCODING,1,19,commons-codec,9a84b3a53b37204c6ae9549ba41037c60f15479b,2b0fecf0fc85fcf69ac76419fe1dafe7c8e988f4,src/main/java/org/apache/commons/codec/digest/MurmurHash2.java,144,144,627b5fde397040acbf234bc132cc0f7cfaf4673e,src/main/java/org/apache/commons/codec/digest/MurmurHash2.java,hash32(Ljava/lang/String;)I,NO_FIELD,fixed
I,DM_DEFAULT_ENCODING,1,19,commons-codec,9a84b3a53b37204c6ae9549ba41037c60f15479b,ef6023c551fc6144fa1f8ac776236dfd712a7a39,src/main/java/org/apache/commons/codec/digest/MurmurHash3.java,252,252,f40005ad5a9c892fa8d216b12029a49062224351,src/main/java/org/apache/commons/codec/digest/MurmurHash3.java,hash32(Ljava/lang/String;)I,NO_FIELD,fixed
I,DM_DEFAULT_ENCODING,1,19,commons-codec,2bcdfd86643761c239ec40e6e1e2f05855a07f95,8b206b53077999a6d180ed1f4d1daa57523eda04,src/main/java/org/apache/commons/codec/digest/MurmurHash3.java,158,158,b5ce7fae5bb6794d41216756f080a087cb956e90,src/main/java/org/apache/commons/codec/digest/MurmurHash3.java,hash32(Ljava/lang/String;)I,NO_FIELD,fixed
D,SF_SWITCH_NO_DEFAULT,2,19,commons-codec,3f41cf1609fae7c8848beb0655bcf67132c7a277,176957dc93615f8d0760b354f149af4d8944ad9d,src/main/java/org/apache/commons/codec/binary/Base32.java,388,427,dbb4fe76bfb52518173c4c24e045ead9be1749ab,src/main/java/org/apache/commons/codec/binary/Base32.java,encode([BIILorg/apache/commons/codec/binary/BaseNCodec$Context;)V,NO_FIELD,fixed
D,UWF_FIELD_NOT_INITIALIZED_IN_CONSTRUCTOR,3,20,commons-codec,9a84b3a53b37204c6ae9549ba41037c60f15479b,3ab9ce4b76848afd2da7dca3e37c46259dd70866,src/test/java/org/apache/commons/codec/digest/MessageDigestAlgorithmsTest.java,102,102,625cedf140f383f3f5c4f992906a4bb6b809dfd7,src/test/java/org/apache/commons/codec/digest/MessageDigestAlgorithmsTest.java,getTestData()[B,digestUtilsTest,fixed
I,DM_DEFAULT_ENCODING,1,19,commons-codec,f4fc386ef66d0f2b2fda3578cc83312b69804813,c82fe35c48bd0082c16644d16d82d1be79d6b9d1,src/test/java/org/apache/commons/codec/binary/Base64Test.java,287,287,2ae03e1633ec0a79761b215e8eae2574106bec99,src/test/java/org/apache/commons/codec/binary/Base64Test.java,testDecodePadOnly()V,NO_FIELD,fixed
I,DM_DEFAULT_ENCODING,1,19,commons-codec,f4fc386ef66d0f2b2fda3578cc83312b69804813,c82fe35c48bd0082c16644d16d82d1be79d6b9d1,src/test/java/org/apache/commons/codec/binary/Base64Test.java,272,272,2ae03e1633ec0a79761b215e8eae2574106bec99,src/test/java/org/apache/commons/codec/binary/Base64Test.java,testDecodePadMarkerIndex2()V,NO_FIELD,fixed
I,DM_DEFAULT_ENCODING,1,19,commons-codec,a7c97274a35913bae9b3856e301c8dcf16acc36f,778eb5418ac6627e67ffd69252d45f8f9fb2284a,src/test/java/org/apache/commons/codec/binary/Base64Test.java,427,427,622088ba07b5b9452b73e2b2867549540e431732,src/test/java/org/apache/commons/codec/binary/Base64Test.java,testKnownEncodings()V,NO_FIELD,fixed
P,DM_FP_NUMBER_CTOR,3,20,commons-codec,32de66338764b8b75ac2e5b72465ef844caee4e5,477db01dd858150534c5dc128630dc56c4f15aaf,src/test/java/org/apache/commons/codec/net/QCodecTest.java,146,146,a94813fb0ce4597d2465a273821306a055f35492,src/test/java/org/apache/commons/codec/net/QCodecTest.java,testEncodeObjects()V,NO_FIELD,fixed
I,DM_DEFAULT_ENCODING,1,19,commons-codec,9a84b3a53b37204c6ae9549ba41037c60f15479b,438b54b2075652215a75a834ee64ec5b0b29a6f8,src/test/java/org/apache/commons/codec/digest/Sha512CryptTest.java,92,92,80fffec4ee9d44a18a4742d53971ed054b1346e6,src/test/java/org/apache/commons/codec/digest/Sha512CryptTest.java,testSha512CryptWithEmptySalt()V,NO_FIELD,fixed
D,RV_RETURN_VALUE_IGNORED_NO_SIDE_EFFECT,2,17,commons-codec,a7c97274a35913bae9b3856e301c8dcf16acc36f,0626e9bc6b700b22a8e30066b9998b2d457be213,src/test/org/apache/commons/codec/StringEncoderComparatorTest.java,41,41,608a7d6373e320789aaf7f1b9f91a5cf8af81998,src/test/org/apache/commons/codec/StringEncoderComparatorTest.java,testComparatorNoArgCon()V,NO_FIELD,fixed
I,DM_DEFAULT_ENCODING,1,19,commons-codec,7028095497c29edde3c0f320080f7d4aa5b22c98,cc6df030dd2bd4d8693f0b557f097ab3b321b18e,src/java/org/apache/commons/codec/digest/DigestUtils.java,243,243,25ad9f824aef478b61a774ed9402068ad215b23b,src/java/org/apache/commons/codec/digest/DigestUtils.java,sha(Ljava/lang/String;)[B,NO_FIELD,fixed
B,SR_NOT_CHECKED,2,16,commons-codec,fc3e6769ee8dbc6d1ec06ff50547e1121b47801d,438b54b2075652215a75a834ee64ec5b0b29a6f8,src/test/java/org/apache/commons/codec/binary/Base16InputStreamTest.java,410,410,80fffec4ee9d44a18a4742d53971ed054b1346e6,src/test/java/org/apache/commons/codec/binary/Base16InputStreamTest.java,testSkipWrongArgument()V,NO_FIELD,fixed
D,BC_UNCONFIRMED_CAST,3,20,commons-codec,9a84b3a53b37204c6ae9549ba41037c60f15479b,85cb447f13280ee29c9311a0c78a26f6d10d44dd,src/main/java/org/apache/commons/codec/language/bm/Languages.java,126,126,482df6cabfb288acb6ab3e4a732fdb93aecfa7c2,src/main/java/org/apache/commons/codec/language/bm/Languages.java,restrictTo(Lorg/apache/commons/codec/language/bm/Languages$LanguageSet;)Lorg/apache/commons/codec/language/bm/Languages$LanguageSet;,NO_FIELD,fixed
I,DM_DEFAULT_ENCODING,1,19,commons-codec,a7c97274a35913bae9b3856e301c8dcf16acc36f,c2809b4b7ebbf2153114f0803d6b12e7f35cf5fd,src/test/org/apache/commons/codec/binary/Base64Test.java,527,527,21d7caa09a2f0e4565670204e20301f9f8d71ed2,src/test/org/apache/commons/codec2/binary/Base64Test.java,testPairs()V,NO_FIELD,fixed
