P,SIC_INNER_SHOULD_BE_STATIC_ANON,3,20,commons-collections,80ec288ee76bc278d70aa234cbea407a2c9e82a2,b29bae05ae39d4a960a0b4748e0a87cbfe3ddc88,src/test/java/org/apache/commons/collections4/IterableUtilsTest.java,575,579,a2317f629915a2553a8a7bc8ee7a136cf12fb8d0,src/test/java/org/apache/commons/collections4/IterableUtilsTest.java,NO_METHOD,NO_FIELD,fixed
D,BC_VACUOUS_INSTANCEOF,2,17,commons-collections,80ec288ee76bc278d70aa234cbea407a2c9e82a2,68747912d250cdb8813b941ed65356a0bcc92135,src/test/java/org/apache/commons/collections4/IteratorUtilsTest.java,538,538,8accf274ba10b7ed0a6659c7f34bb45d72d7c4ce,src/test/java/org/apache/commons/collections4/IteratorUtilsTest.java,testEmptyIterator()V,NO_FIELD,fixed
D,NP_LOAD_OF_KNOWN_NULL_VALUE,3,19,commons-collections,1826012c2a8c5bbf407ae8fab8443d06e5f9c462,7e392b90934e29435e7f6db4e6c417bf302a5db9,src/test/java/org/apache/commons/collections4/CollectionUtilsTest.java,1202,1202,4b8b5c7163ac8f16b1343ac3133f0feb7faffb39,src/test/java/org/apache/commons/collections4/CollectionUtilsTest.java,testAddAllNullColl4()V,NO_FIELD,fixed
D,NP_LOAD_OF_KNOWN_NULL_VALUE,3,19,commons-collections,80ec288ee76bc278d70aa234cbea407a2c9e82a2,4d4caa6a92797835ed46d4f8aff361ecf0ad1a18,src/test/java/org/apache/commons/collections4/CollectionUtilsTest.java,1272,1272,477db84c1fc808b7f5ef709fcc114716ecb13fc0,src/test/java/org/apache/commons/collections4/CollectionUtilsTest.java,testIsNotEmptyWithNull()V,NO_FIELD,fixed
I,DM_DEFAULT_ENCODING,1,19,commons-collections,750b8797bff0c23d3df5d61bada988b98bfb3f73,6ba199c691d1789c60c449c35cb07ed9a89f63e6,src/test/java/org/apache/commons/collections4/properties/EmptyPropertiesTest.java,358,358,f1e2c878b8df2d8794a58956babdcc8fa4d74f9c,src/test/java/org/apache/commons/collections4/properties/EmptyPropertiesTest.java,testStoreToXMLOutputStreamWithEncoding()V,NO_FIELD,fixed
B,RC_REF_COMPARISON_BAD_PRACTICE,3,19,commons-collections,f2842e66da968f1fe12479ff7b7ea46878526bb6,979d2727ae8df615292524b0b0ae0ff03ab261a9,src/test/java/org/apache/commons/collections4/map/ReferenceIdentityMapTest.java,95,95,7c4a4994cbb58313f8d6f7a39ec79b435f3b8b93,src/test/java/org/apache/commons/collections4/map/ReferenceIdentityMapTest.java,testBasics()V,I2A,fixed
P,SIC_INNER_SHOULD_BE_STATIC_ANON,3,20,commons-collections,80ec288ee76bc278d70aa234cbea407a2c9e82a2,b29bae05ae39d4a960a0b4748e0a87cbfe3ddc88,src/test/java/org/apache/commons/collections4/IterableUtilsTest.java,525,529,a2317f629915a2553a8a7bc8ee7a136cf12fb8d0,src/test/java/org/apache/commons/collections4/IterableUtilsTest.java,NO_METHOD,NO_FIELD,fixed
I,DM_DEFAULT_ENCODING,1,19,commons-collections,80ec288ee76bc278d70aa234cbea407a2c9e82a2,6b1e2eb08b4fc15427dab246846438bde2139a09,src/test/java/org/apache/commons/collections4/MapUtilsTest.java,442,442,9beb1e0b115cb56b02a3baee4fdb2cdee2bdddb2,src/test/java/org/apache/commons/collections4/MapUtilsTest.java,testDebugPrintNullKey()V,NO_FIELD,fixed
D,RI_REDUNDANT_INTERFACES,3,20,commons-collections,15ad7824efda1e1632d24f4c273796863841c537,b1834e87a6d08358cf42cf4402fec5b8d3e5ad7f,src/main/java/org/apache/commons/collections4/functors/OnePredicate.java,54,105,69aa3946d2a6da812c44a4e7e7fe45087afe1cdc,src/main/java/org/apache/commons/collections4/functors/OnePredicate.java,NO_METHOD,NO_FIELD,fixed
P,SIC_INNER_SHOULD_BE_STATIC_ANON,3,20,commons-collections,80ec288ee76bc278d70aa234cbea407a2c9e82a2,b29bae05ae39d4a960a0b4748e0a87cbfe3ddc88,src/test/java/org/apache/commons/collections4/FluentIterableTest.java,318,321,a2317f629915a2553a8a7bc8ee7a136cf12fb8d0,src/test/java/org/apache/commons/collections4/FluentIterableTest.java,NO_METHOD,NO_FIELD,fixed
D,NP_LOAD_OF_KNOWN_NULL_VALUE,3,19,commons-collections,1826012c2a8c5bbf407ae8fab8443d06e5f9c462,7e392b90934e29435e7f6db4e6c417bf302a5db9,src/test/java/org/apache/commons/collections4/CollectionUtilsTest.java,1188,1188,4b8b5c7163ac8f16b1343ac3133f0feb7faffb39,src/test/java/org/apache/commons/collections4/CollectionUtilsTest.java,testAddAllNullColl2()V,NO_FIELD,fixed
P,SIC_INNER_SHOULD_BE_STATIC_ANON,3,20,commons-collections,80ec288ee76bc278d70aa234cbea407a2c9e82a2,b29bae05ae39d4a960a0b4748e0a87cbfe3ddc88,src/test/java/org/apache/commons/collections4/FluentIterableTest.java,226,230,a2317f629915a2553a8a7bc8ee7a136cf12fb8d0,src/test/java/org/apache/commons/collections4/FluentIterableTest.java,NO_METHOD,NO_FIELD,fixed
D,RV_RETURN_VALUE_IGNORED_NO_SIDE_EFFECT,2,17,commons-collections,80ec288ee76bc278d70aa234cbea407a2c9e82a2,b2b52ef972b14e6cf340d3dc3c55a0612151a377,src/test/java/org/apache/commons/collections4/CollectionUtilsTest.java,1610,1610,7eb78290c8d7d1fa379536700de0bd4a81320bb0,src/test/java/org/apache/commons/collections4/CollectionUtilsTest.java,testRemoveAll()V,NO_FIELD,fixed
C,GC_UNRELATED_TYPES,1,1,commons-collections,f2842e66da968f1fe12479ff7b7ea46878526bb6,69f06d60f69ada39ed211f590fa6a963d20fe3f5,src/test/java/org/apache/commons/collections4/CollectionUtilsTest.java,1538,1538,1826012c2a8c5bbf407ae8fab8443d06e5f9c462,src/test/java/org/apache/commons/collections4/CollectionUtilsTest.java,assertCollectResult(Ljava/util/Collection;)V,collectionA,fixed
D,RI_REDUNDANT_INTERFACES,3,20,commons-collections,15ad7824efda1e1632d24f4c273796863841c537,b1834e87a6d08358cf42cf4402fec5b8d3e5ad7f,src/main/java/org/apache/commons/collections4/trie/AbstractPatriciaTrie.java,46,2425,69aa3946d2a6da812c44a4e7e7fe45087afe1cdc,src/main/java/org/apache/commons/collections4/trie/AbstractPatriciaTrie.java,NO_METHOD,NO_FIELD,fixed
D,BC_VACUOUS_INSTANCEOF,2,17,commons-collections,f2842e66da968f1fe12479ff7b7ea46878526bb6,b43d8a1733f6439d8a57850c413de99750144e45,src/test/java/org/apache/commons/collections4/IteratorUtilsTest.java,1414,1414,a82fa15727eb59117635b25d318383021e210092,src/test/java/org/apache/commons/collections4/IteratorUtilsTest.java,testUnmodifiableMapIterator()V,NO_FIELD,fixed
D,RI_REDUNDANT_INTERFACES,3,20,commons-collections,15ad7824efda1e1632d24f4c273796863841c537,b1834e87a6d08358cf42cf4402fec5b8d3e5ad7f,src/main/java/org/apache/commons/collections4/bag/UnmodifiableBag.java,60,156,69aa3946d2a6da812c44a4e7e7fe45087afe1cdc,src/main/java/org/apache/commons/collections4/bag/UnmodifiableBag.java,NO_METHOD,NO_FIELD,fixed
P,DM_NUMBER_CTOR,2,18,commons-collections,9acc3e824e2efa2e496df8458d207b5fb5722e6d,6975b0567df3eb618ba30e245bc988f5c22d5bac,src/main/java/org/apache/commons/collections4/multimap/AbstractMultiValuedMap.java,112,112,32155107dd982360e813d10d0c76f6f7cc2cc7bd,src/main/java/org/apache/commons/collections4/multimap/AbstractMultiValuedMap.java,<init>(Ljava/util/Map;Ljava/lang/Class;I)V,NO_FIELD,fixed
P,SIC_INNER_SHOULD_BE_STATIC_ANON,3,20,commons-collections,f2842e66da968f1fe12479ff7b7ea46878526bb6,69f06d60f69ada39ed211f590fa6a963d20fe3f5,src/test/java/org/apache/commons/collections4/CollectionUtilsTest.java,717,728,1826012c2a8c5bbf407ae8fab8443d06e5f9c462,src/test/java/org/apache/commons/collections4/CollectionUtilsTest.java,NO_METHOD,NO_FIELD,fixed
P,DM_NUMBER_CTOR,2,18,commons-collections,80ec288ee76bc278d70aa234cbea407a2c9e82a2,b29bae05ae39d4a960a0b4748e0a87cbfe3ddc88,src/test/java/org/apache/commons/collections4/IterableUtilsTest.java,511,511,a2317f629915a2553a8a7bc8ee7a136cf12fb8d0,src/test/java/org/apache/commons/collections4/IterableUtilsTest.java,transform(Ljava/lang/Integer;)Ljava/lang/String;,NO_FIELD,fixed
P,SIC_INNER_SHOULD_BE_STATIC_ANON,3,20,commons-collections,80ec288ee76bc278d70aa234cbea407a2c9e82a2,b29bae05ae39d4a960a0b4748e0a87cbfe3ddc88,src/test/java/org/apache/commons/collections4/SplitMapUtilsTest.java,138,142,a2317f629915a2553a8a7bc8ee7a136cf12fb8d0,src/test/java/org/apache/commons/collections4/SplitMapUtilsTest.java,NO_METHOD,NO_FIELD,fixed
P,DM_NUMBER_CTOR,3,20,commons-collections,80ec288ee76bc278d70aa234cbea407a2c9e82a2,4d4caa6a92797835ed46d4f8aff361ecf0ad1a18,src/test/java/org/apache/commons/collections4/TransformerUtilsTest.java,467,467,477db84c1fc808b7f5ef709fcc114716ecb13fc0,src/test/java/org/apache/commons/collections4/TransformerUtilsTest.java,testInstantiateTransformerNull()V,NO_FIELD,fixed
P,SIC_INNER_SHOULD_BE_STATIC_ANON,3,20,commons-collections,80ec288ee76bc278d70aa234cbea407a2c9e82a2,b29bae05ae39d4a960a0b4748e0a87cbfe3ddc88,src/test/java/org/apache/commons/collections4/iterators/FilterListIteratorTest.java,101,104,a2317f629915a2553a8a7bc8ee7a136cf12fb8d0,src/test/java/org/apache/commons/collections4/iterators/FilterListIteratorTest.java,NO_METHOD,NO_FIELD,fixed
D,BC_VACUOUS_INSTANCEOF,2,17,commons-collections,c86c01a2e278c7977be3acffb88cd14c38005aee,c86c01a2e278c7977be3acffb88cd14c38005aee,src/test/java/org/apache/commons/collections4/IteratorUtilsTest.java,1242,1242,a2c789233b566a0fdb42b8b39030156517831ee6,src/test/java/org/apache/commons/collections4/IteratorUtilsTest.java,testSingletonIterator()V,NO_FIELD,fixed
P,SIC_INNER_SHOULD_BE_STATIC_ANON,3,20,commons-collections,80ec288ee76bc278d70aa234cbea407a2c9e82a2,b29bae05ae39d4a960a0b4748e0a87cbfe3ddc88,src/test/java/org/apache/commons/collections4/SplitMapUtilsTest.java,162,166,a2317f629915a2553a8a7bc8ee7a136cf12fb8d0,src/test/java/org/apache/commons/collections4/SplitMapUtilsTest.java,NO_METHOD,NO_FIELD,fixed
D,DLS_DEAD_LOCAL_STORE,2,17,commons-collections,c423a9964fa8e17028b378abbe47a50907e6d189,b2b52ef972b14e6cf340d3dc3c55a0612151a377,src/test/java/org/apache/commons/collections4/CollectionUtilsTest.java,1496,1496,7eb78290c8d7d1fa379536700de0bd4a81320bb0,src/test/java/org/apache/commons/collections4/CollectionUtilsTest.java,testRemoveRangeNull()V,NO_FIELD,fixed
D,DLS_DEAD_LOCAL_STORE,2,17,commons-collections,f2842e66da968f1fe12479ff7b7ea46878526bb6,d18eb37fc299b6abfc906366173200b4931dc47a,src/test/java/org/apache/commons/collections4/map/Flat3MapTest.java,353,353,3972e83317260316cf81266d82057cadb7d4baa7,src/test/java/org/apache/commons/collections4/map/Flat3MapTest.java,putAndRemove(Ljava/util/Map;)V,NO_FIELD,fixed
D,RV_RETURN_VALUE_IGNORED_NO_SIDE_EFFECT,2,17,commons-collections,f2842e66da968f1fe12479ff7b7ea46878526bb6,7e392b90934e29435e7f6db4e6c417bf302a5db9,src/test/java/org/apache/commons/collections4/CollectionUtilsTest.java,1760,1760,4b8b5c7163ac8f16b1343ac3133f0feb7faffb39,src/test/java/org/apache/commons/collections4/CollectionUtilsTest.java,testRemoveAllNullSubColl()V,NO_FIELD,fixed
P,SIC_INNER_SHOULD_BE_STATIC_ANON,3,20,commons-collections,f2842e66da968f1fe12479ff7b7ea46878526bb6,69f06d60f69ada39ed211f590fa6a963d20fe3f5,src/test/java/org/apache/commons/collections4/CollectionUtilsTest.java,820,831,1826012c2a8c5bbf407ae8fab8443d06e5f9c462,src/test/java/org/apache/commons/collections4/CollectionUtilsTest.java,NO_METHOD,NO_FIELD,fixed
D,UC_USELESS_CONDITION,1,14,commons-collections,f0f364fd9d946483f947011a3557c1e6f2e5d8ee,49a5c0a4eec04e5f372c8a6c07d6a5efdc17122a,src/main/java/org/apache/commons/collections4/list/TreeList.java,625,625,55e8eac25d81f07bebb16d812c97edaf1393083f,src/main/java/org/apache/commons/collections4/list/TreeList.java,removeSelf()Lorg/apache/commons/collections4/list/TreeList$AVLNode;,NO_FIELD,fixed
D,UC_USELESS_OBJECT,2,17,commons-collections,80ec288ee76bc278d70aa234cbea407a2c9e82a2,2ec7843b940424bdb7e0cf0093062dff67946d5d,src/test/java/org/apache/commons/collections4/list/SetUniqueListTest.java,509,509,dc828f8b16a4e34d474b2470041eb0d757853a09,src/test/java/org/apache/commons/collections4/list/SetUniqueListTest.java,testCollections307()V,NO_FIELD,fixed
I,DM_DEFAULT_ENCODING,1,19,commons-collections,469c04b14c393a9725cb10e9d22429870bb508a3,a34da7bcf532488860e9fc4e56c228df95d62b61,src/test/java/org/apache/commons/collections4/bloomfilter/hasher/DynamicHasherBuilderTest.java,58,58,bbee9fbd9b7d4a392ea2a43e8413065195d1823a,src/test/java/org/apache/commons/collections4/bloomfilter/hasher/DynamicHasherBuilderTest.java,buildTest_byteArray()V,NO_FIELD,fixed
P,SIC_INNER_SHOULD_BE_STATIC_ANON,3,20,commons-collections,80ec288ee76bc278d70aa234cbea407a2c9e82a2,b29bae05ae39d4a960a0b4748e0a87cbfe3ddc88,src/test/java/org/apache/commons/collections4/ListUtilsTest.java,125,128,a2317f629915a2553a8a7bc8ee7a136cf12fb8d0,src/test/java/org/apache/commons/collections4/ListUtilsTest.java,NO_METHOD,NO_FIELD,fixed
D,DLS_DEAD_LOCAL_STORE,2,17,commons-collections,c423a9964fa8e17028b378abbe47a50907e6d189,b2b52ef972b14e6cf340d3dc3c55a0612151a377,src/test/java/org/apache/commons/collections4/CollectionUtilsTest.java,1568,1568,7eb78290c8d7d1fa379536700de0bd4a81320bb0,src/test/java/org/apache/commons/collections4/CollectionUtilsTest.java,testRemoveCountStartNegative()V,NO_FIELD,fixed
P,SIC_INNER_SHOULD_BE_STATIC_ANON,3,20,commons-collections,80ec288ee76bc278d70aa234cbea407a2c9e82a2,b29bae05ae39d4a960a0b4748e0a87cbfe3ddc88,src/test/java/org/apache/commons/collections4/IterableUtilsTest.java,605,609,a2317f629915a2553a8a7bc8ee7a136cf12fb8d0,src/test/java/org/apache/commons/collections4/IterableUtilsTest.java,NO_METHOD,NO_FIELD,fixed
D,BC_VACUOUS_INSTANCEOF,2,17,commons-collections,8713af90d540e7bb01f8ba1fd99f6c04e41a7433,f9f99ccfd684d1fd79747586e4c7b77606963774,src/test/java/org/apache/commons/collections4/MapUtilsTest.java,1316,1316,5d71ff3d29d63e677dfdaf53e08ecdf086cca665,src/test/java/org/apache/commons/collections4/MapUtilsTest.java,testOrderedMap()V,NO_FIELD,fixed
D,UWF_FIELD_NOT_INITIALIZED_IN_CONSTRUCTOR,3,20,commons-collections,976d64583525e604c4e04ac57ff4c600d2c61bfe,a34da7bcf532488860e9fc4e56c228df95d62b61,src/test/java/org/apache/commons/collections4/bloomfilter/hasher/DynamicHasherTest.java,102,102,bbee9fbd9b7d4a392ea2a43e8413065195d1823a,src/test/java/org/apache/commons/collections4/bloomfilter/hasher/DynamicHasherTest.java,testGetBits_MultipleHashes()V,builder,fixed
D,RI_REDUNDANT_INTERFACES,3,20,commons-collections,15ad7824efda1e1632d24f4c273796863841c537,b1834e87a6d08358cf42cf4402fec5b8d3e5ad7f,src/main/java/org/apache/commons/collections4/functors/AllPredicate.java,57,113,69aa3946d2a6da812c44a4e7e7fe45087afe1cdc,src/main/java/org/apache/commons/collections4/functors/AllPredicate.java,NO_METHOD,NO_FIELD,fixed
P,DM_STRING_CTOR,2,18,commons-collections,f2842e66da968f1fe12479ff7b7ea46878526bb6,12e9e5aae3c55d8d9db1288951d5ec75328cc701,src/test/java/org/apache/commons/collections4/sequence/SequencesComparatorTest.java,58,58,e013bd8d77014d5f7db81ae477a6181e510abd86,src/test/java/org/apache/commons/collections4/sequence/SequencesComparatorTest.java,testMinimal()V,NO_FIELD,fixed
P,SIC_INNER_SHOULD_BE_STATIC_ANON,3,20,commons-collections,80ec288ee76bc278d70aa234cbea407a2c9e82a2,b29bae05ae39d4a960a0b4748e0a87cbfe3ddc88,src/test/java/org/apache/commons/collections4/SplitMapUtilsTest.java,150,154,a2317f629915a2553a8a7bc8ee7a136cf12fb8d0,src/test/java/org/apache/commons/collections4/SplitMapUtilsTest.java,NO_METHOD,NO_FIELD,fixed
I,DM_DEFAULT_ENCODING,1,19,commons-collections,750b8797bff0c23d3df5d61bada988b98bfb3f73,6ba199c691d1789c60c449c35cb07ed9a89f63e6,src/test/java/org/apache/commons/collections4/properties/EmptyPropertiesTest.java,327,327,f1e2c878b8df2d8794a58956babdcc8fa4d74f9c,src/test/java/org/apache/commons/collections4/properties/EmptyPropertiesTest.java,testStoreToPrintWriter()V,NO_FIELD,fixed
C,RC_REF_COMPARISON,3,6,commons-collections,f2842e66da968f1fe12479ff7b7ea46878526bb6,69f06d60f69ada39ed211f590fa6a963d20fe3f5,src/test/java/org/apache/commons/collections4/CollectionUtilsTest.java,1695,1695,1826012c2a8c5bbf407ae8fab8443d06e5f9c462,src/test/java/org/apache/commons/collections4/CollectionUtilsTest.java,intersectionUsesMethodEquals()V,NO_FIELD,fixed
D,DLS_DEAD_LOCAL_STORE,2,17,commons-collections,f2842e66da968f1fe12479ff7b7ea46878526bb6,ba85c69b536e667566266c1f12116c6e32b2b885,src/test/java/org/apache/commons/collections4/map/ReferenceIdentityMapTest.java,325,325,4a980fadc47e1983a7435ec4666763bd8bdea205,src/test/java/org/apache/commons/collections4/map/ReferenceIdentityMapTest.java,gc()V,NO_FIELD,fixed
D,BC_VACUOUS_INSTANCEOF,2,17,commons-collections,a2c789233b566a0fdb42b8b39030156517831ee6,de7cb0105b574c98485f2f230a882000fc5f1480,src/test/java/org/apache/commons/collections4/IteratorUtilsTest.java,1278,1278,a963a123f73a0dde67d7c8f0c6ebb88a1e43aac4,src/test/java/org/apache/commons/collections4/IteratorUtilsTest.java,testObjectGraphIterator()V,NO_FIELD,fixed
D,BC_VACUOUS_INSTANCEOF,2,17,commons-collections,f2842e66da968f1fe12479ff7b7ea46878526bb6,b43d8a1733f6439d8a57850c413de99750144e45,src/test/java/org/apache/commons/collections4/IteratorUtilsTest.java,1136,1136,a82fa15727eb59117635b25d318383021e210092,src/test/java/org/apache/commons/collections4/IteratorUtilsTest.java,testSingletonListIterator()V,NO_FIELD,fixed
P,SIC_INNER_SHOULD_BE_STATIC_ANON,3,20,commons-collections,80ec288ee76bc278d70aa234cbea407a2c9e82a2,b29bae05ae39d4a960a0b4748e0a87cbfe3ddc88,src/test/java/org/apache/commons/collections4/SplitMapUtilsTest.java,87,91,a2317f629915a2553a8a7bc8ee7a136cf12fb8d0,src/test/java/org/apache/commons/collections4/SplitMapUtilsTest.java,NO_METHOD,NO_FIELD,fixed
P,WMI_WRONG_MAP_ITERATOR,2,18,commons-collections,80ec288ee76bc278d70aa234cbea407a2c9e82a2,f9f99ccfd684d1fd79747586e4c7b77606963774,src/test/java/org/apache/commons/collections4/MapUtilsTest.java,296,296,5d71ff3d29d63e677dfdaf53e08ecdf086cca665,src/test/java/org/apache/commons/collections4/MapUtilsTest.java,getContents()[[Ljava/lang/Object;,val$in,fixed
D,NP_LOAD_OF_KNOWN_NULL_VALUE,3,19,commons-collections,80ec288ee76bc278d70aa234cbea407a2c9e82a2,4d4caa6a92797835ed46d4f8aff361ecf0ad1a18,src/test/java/org/apache/commons/collections4/CollectionUtilsTest.java,1253,1253,477db84c1fc808b7f5ef709fcc114716ecb13fc0,src/test/java/org/apache/commons/collections4/CollectionUtilsTest.java,testIsEmptyWithNull()V,NO_FIELD,fixed
D,NP_LOAD_OF_KNOWN_NULL_VALUE,3,19,commons-collections,f2842e66da968f1fe12479ff7b7ea46878526bb6,69f06d60f69ada39ed211f590fa6a963d20fe3f5,src/test/java/org/apache/commons/collections4/CollectionUtilsTest.java,1515,1515,1826012c2a8c5bbf407ae8fab8443d06e5f9c462,src/test/java/org/apache/commons/collections4/CollectionUtilsTest.java,collect()V,NO_FIELD,fixed
P,DM_BOOLEAN_CTOR,2,18,commons-collections,80ec288ee76bc278d70aa234cbea407a2c9e82a2,4d4caa6a92797835ed46d4f8aff361ecf0ad1a18,src/test/java/org/apache/commons/collections4/comparators/BooleanComparatorTest.java,50,50,477db84c1fc808b7f5ef709fcc114716ecb13fc0,src/test/java/org/apache/commons/collections4/comparators/BooleanComparatorTest.java,getComparableObjectsOrdered()Ljava/util/List;,NO_FIELD,fixed
C,RC_REF_COMPARISON,3,6,commons-collections,80ec288ee76bc278d70aa234cbea407a2c9e82a2,f416d453af9c7b6f6a64003d439050c47a065cbd,src/test/java/org/apache/commons/collections4/keyvalue/MultiKeyTest.java,170,170,433229fd228bed96eb89d8814982b84541c600eb,src/test/java/org/apache/commons/collections4/keyvalue/MultiKeyTest.java,testGetKeysArrayConstructorNonCloned()V,ONE,fixed
D,NP_LOAD_OF_KNOWN_NULL_VALUE,3,19,commons-collections,1826012c2a8c5bbf407ae8fab8443d06e5f9c462,7e392b90934e29435e7f6db4e6c417bf302a5db9,src/test/java/org/apache/commons/collections4/CollectionUtilsTest.java,1907,1907,4b8b5c7163ac8f16b1343ac3133f0feb7faffb39,src/test/java/org/apache/commons/collections4/CollectionUtilsTest.java,testRemoveRangeNull()V,NO_FIELD,fixed
D,NP_LOAD_OF_KNOWN_NULL_VALUE,3,19,commons-collections,f2842e66da968f1fe12479ff7b7ea46878526bb6,69f06d60f69ada39ed211f590fa6a963d20fe3f5,src/test/java/org/apache/commons/collections4/CollectionUtilsTest.java,369,369,1826012c2a8c5bbf407ae8fab8443d06e5f9c462,src/test/java/org/apache/commons/collections4/CollectionUtilsTest.java,testContainsAnyNullColl2()V,NO_FIELD,fixed
D,RI_REDUNDANT_INTERFACES,3,20,commons-collections,15ad7824efda1e1632d24f4c273796863841c537,b1834e87a6d08358cf42cf4402fec5b8d3e5ad7f,src/main/java/org/apache/commons/collections4/list/AbstractSerializableListDecorator.java,46,72,69aa3946d2a6da812c44a4e7e7fe45087afe1cdc,src/main/java/org/apache/commons/collections4/list/AbstractSerializableListDecorator.java,NO_METHOD,NO_FIELD,fixed
P,SIC_INNER_SHOULD_BE_STATIC_ANON,3,20,commons-collections,80ec288ee76bc278d70aa234cbea407a2c9e82a2,b29bae05ae39d4a960a0b4748e0a87cbfe3ddc88,src/test/java/org/apache/commons/collections4/CollectionUtilsTest.java,1834,1837,a2317f629915a2553a8a7bc8ee7a136cf12fb8d0,src/test/java/org/apache/commons/collections4/CollectionUtilsTest.java,NO_METHOD,NO_FIELD,fixed
P,SIC_INNER_SHOULD_BE_STATIC_ANON,3,20,commons-collections,80ec288ee76bc278d70aa234cbea407a2c9e82a2,b29bae05ae39d4a960a0b4748e0a87cbfe3ddc88,src/test/java/org/apache/commons/collections4/CollectionUtilsTest.java,1842,1845,a2317f629915a2553a8a7bc8ee7a136cf12fb8d0,src/test/java/org/apache/commons/collections4/CollectionUtilsTest.java,NO_METHOD,NO_FIELD,fixed
B,RC_REF_COMPARISON_BAD_PRACTICE,3,19,commons-collections,f2842e66da968f1fe12479ff7b7ea46878526bb6,ba85c69b536e667566266c1f12116c6e32b2b885,src/test/java/org/apache/commons/collections4/map/ReferenceIdentityMapTest.java,95,95,4a980fadc47e1983a7435ec4666763bd8bdea205,src/test/java/org/apache/commons/collections4/map/ReferenceIdentityMapTest.java,testBasics()V,I2A,fixed
P,SIC_INNER_SHOULD_BE_STATIC_ANON,3,20,commons-collections,d0551d01b3d7e97aa5d8fb1ec91e648a93dab929,69f06d60f69ada39ed211f590fa6a963d20fe3f5,src/test/java/org/apache/commons/collections4/CollectionUtilsTest.java,768,779,1826012c2a8c5bbf407ae8fab8443d06e5f9c462,src/test/java/org/apache/commons/collections4/CollectionUtilsTest.java,NO_METHOD,NO_FIELD,fixed
D,NP_LOAD_OF_KNOWN_NULL_VALUE,3,19,commons-collections,f2842e66da968f1fe12479ff7b7ea46878526bb6,69f06d60f69ada39ed211f590fa6a963d20fe3f5,src/test/java/org/apache/commons/collections4/CollectionUtilsTest.java,1178,1178,1826012c2a8c5bbf407ae8fab8443d06e5f9c462,src/test/java/org/apache/commons/collections4/CollectionUtilsTest.java,testSize_List()V,NO_FIELD,fixed
D,RV_RETURN_VALUE_IGNORED_NO_SIDE_EFFECT,2,17,commons-collections,80ec288ee76bc278d70aa234cbea407a2c9e82a2,b29bae05ae39d4a960a0b4748e0a87cbfe3ddc88,src/test/java/org/apache/commons/collections4/SplitMapUtilsTest.java,147,147,a2317f629915a2553a8a7bc8ee7a136cf12fb8d0,src/test/java/org/apache/commons/collections4/SplitMapUtilsTest.java,run()V,NO_FIELD,fixed
P,SIC_INNER_SHOULD_BE_STATIC_ANON,3,20,commons-collections,80ec288ee76bc278d70aa234cbea407a2c9e82a2,b29bae05ae39d4a960a0b4748e0a87cbfe3ddc88,src/test/java/org/apache/commons/collections4/IterableUtilsTest.java,384,387,a2317f629915a2553a8a7bc8ee7a136cf12fb8d0,src/test/java/org/apache/commons/collections4/IterableUtilsTest.java,NO_METHOD,NO_FIELD,fixed
C,RC_REF_COMPARISON,3,6,commons-collections,80ec288ee76bc278d70aa234cbea407a2c9e82a2,2ec7843b940424bdb7e0cf0093062dff67946d5d,src/test/java/org/apache/commons/collections4/list/SetUniqueListTest.java,574,574,dc828f8b16a4e34d474b2470041eb0d757853a09,src/test/java/org/apache/commons/collections4/list/SetUniqueListTest.java,testSetCollections444()V,NO_FIELD,fixed
D,NP_LOAD_OF_KNOWN_NULL_VALUE,3,19,commons-collections,c423a9964fa8e17028b378abbe47a50907e6d189,b2b52ef972b14e6cf340d3dc3c55a0612151a377,src/test/java/org/apache/commons/collections4/CollectionUtilsTest.java,1562,1562,7eb78290c8d7d1fa379536700de0bd4a81320bb0,src/test/java/org/apache/commons/collections4/CollectionUtilsTest.java,testRemoveCountWithNull()V,NO_FIELD,fixed
V,EI_EXPOSE_REP,2,18,commons-collections,f2842e66da968f1fe12479ff7b7ea46878526bb6,dc01c2583a6d77242862f92b38908d1fc28e90de,src/test/java/org/apache/commons/collections4/set/AbstractNavigableSetTest.java,255,255,af2e247545176c8a9160c1f495f3494d18f20316,src/test/java/org/apache/commons/collections4/set/AbstractNavigableSetTest.java,getFullElements()[Ljava/lang/Object;,m_FullElements,fixed
D,RV_RETURN_VALUE_IGNORED_NO_SIDE_EFFECT,2,17,commons-collections,80ec288ee76bc278d70aa234cbea407a2c9e82a2,b2b52ef972b14e6cf340d3dc3c55a0612151a377,src/test/java/org/apache/commons/collections4/CollectionUtilsTest.java,1469,1469,7eb78290c8d7d1fa379536700de0bd4a81320bb0,src/test/java/org/apache/commons/collections4/CollectionUtilsTest.java,testRetainAll()V,NO_FIELD,fixed
D,DLS_DEAD_LOCAL_STORE,2,17,commons-collections,f2842e66da968f1fe12479ff7b7ea46878526bb6,69f06d60f69ada39ed211f590fa6a963d20fe3f5,src/test/java/org/apache/commons/collections4/CollectionUtilsTest.java,921,921,1826012c2a8c5bbf407ae8fab8443d06e5f9c462,src/test/java/org/apache/commons/collections4/CollectionUtilsTest.java,forAllDoIterator()V,NO_FIELD,fixed
D,BC_VACUOUS_INSTANCEOF,2,17,commons-collections,f2842e66da968f1fe12479ff7b7ea46878526bb6,b43d8a1733f6439d8a57850c413de99750144e45,src/test/java/org/apache/commons/collections4/IteratorUtilsTest.java,1125,1125,a82fa15727eb59117635b25d318383021e210092,src/test/java/org/apache/commons/collections4/IteratorUtilsTest.java,testPushBackIterator()V,NO_FIELD,fixed
P,SIC_INNER_SHOULD_BE_STATIC_ANON,3,20,commons-collections,13467cbc7f319f7f7e9e9185a673714736e77b83,b29bae05ae39d4a960a0b4748e0a87cbfe3ddc88,src/test/java/org/apache/commons/collections4/MultiSetUtilsTest.java,118,121,a2317f629915a2553a8a7bc8ee7a136cf12fb8d0,src/test/java/org/apache/commons/collections4/MultiSetUtilsTest.java,NO_METHOD,NO_FIELD,fixed
D,RI_REDUNDANT_INTERFACES,3,20,commons-collections,15ad7824efda1e1632d24f4c273796863841c537,b1834e87a6d08358cf42cf4402fec5b8d3e5ad7f,src/main/java/org/apache/commons/collections4/map/MultiKeyMap.java,78,906,69aa3946d2a6da812c44a4e7e7fe45087afe1cdc,src/main/java/org/apache/commons/collections4/map/MultiKeyMap.java,NO_METHOD,NO_FIELD,fixed
P,SIC_INNER_SHOULD_BE_STATIC_ANON,3,20,commons-collections,80ec288ee76bc278d70aa234cbea407a2c9e82a2,b29bae05ae39d4a960a0b4748e0a87cbfe3ddc88,src/test/java/org/apache/commons/collections4/IterableUtilsTest.java,592,596,a2317f629915a2553a8a7bc8ee7a136cf12fb8d0,src/test/java/org/apache/commons/collections4/IterableUtilsTest.java,NO_METHOD,NO_FIELD,fixed
D,NP_LOAD_OF_KNOWN_NULL_VALUE,3,19,commons-collections,1826012c2a8c5bbf407ae8fab8443d06e5f9c462,7e392b90934e29435e7f6db4e6c417bf302a5db9,src/test/java/org/apache/commons/collections4/CollectionUtilsTest.java,1209,1209,4b8b5c7163ac8f16b1343ac3133f0feb7faffb39,src/test/java/org/apache/commons/collections4/CollectionUtilsTest.java,testAddAllNullColl5()V,NO_FIELD,fixed
P,SIC_INNER_SHOULD_BE_STATIC_ANON,3,20,commons-collections,80ec288ee76bc278d70aa234cbea407a2c9e82a2,b29bae05ae39d4a960a0b4748e0a87cbfe3ddc88,src/test/java/org/apache/commons/collections4/CollectionUtilsTest.java,479,482,a2317f629915a2553a8a7bc8ee7a136cf12fb8d0,src/test/java/org/apache/commons/collections4/CollectionUtilsTest.java,NO_METHOD,NO_FIELD,fixed
D,RV_RETURN_VALUE_IGNORED_NO_SIDE_EFFECT,2,17,commons-collections,80ec288ee76bc278d70aa234cbea407a2c9e82a2,b29bae05ae39d4a960a0b4748e0a87cbfe3ddc88,src/test/java/org/apache/commons/collections4/SplitMapUtilsTest.java,159,159,a2317f629915a2553a8a7bc8ee7a136cf12fb8d0,src/test/java/org/apache/commons/collections4/SplitMapUtilsTest.java,run()V,NO_FIELD,fixed
D,DLS_DEAD_LOCAL_STORE,2,17,commons-collections,c423a9964fa8e17028b378abbe47a50907e6d189,b2b52ef972b14e6cf340d3dc3c55a0612151a377,src/test/java/org/apache/commons/collections4/CollectionUtilsTest.java,1510,1510,7eb78290c8d7d1fa379536700de0bd4a81320bb0,src/test/java/org/apache/commons/collections4/CollectionUtilsTest.java,testRemoveRangeEndIndexNegative()V,NO_FIELD,fixed
D,BC_VACUOUS_INSTANCEOF,2,17,commons-collections,a2c789233b566a0fdb42b8b39030156517831ee6,de7cb0105b574c98485f2f230a882000fc5f1480,src/test/java/org/apache/commons/collections4/IteratorUtilsTest.java,1229,1229,a963a123f73a0dde67d7c8f0c6ebb88a1e43aac4,src/test/java/org/apache/commons/collections4/IteratorUtilsTest.java,testPushBackIterator()V,NO_FIELD,fixed
P,SIC_INNER_SHOULD_BE_STATIC_ANON,3,20,commons-collections,80ec288ee76bc278d70aa234cbea407a2c9e82a2,b29bae05ae39d4a960a0b4748e0a87cbfe3ddc88,src/test/java/org/apache/commons/collections4/CollectionUtilsTest.java,1299,1302,a2317f629915a2553a8a7bc8ee7a136cf12fb8d0,src/test/java/org/apache/commons/collections4/CollectionUtilsTest.java,NO_METHOD,NO_FIELD,fixed
P,SIC_INNER_SHOULD_BE_STATIC_ANON,3,20,commons-collections,d0551d01b3d7e97aa5d8fb1ec91e648a93dab929,69f06d60f69ada39ed211f590fa6a963d20fe3f5,src/test/java/org/apache/commons/collections4/CollectionUtilsTest.java,748,759,1826012c2a8c5bbf407ae8fab8443d06e5f9c462,src/test/java/org/apache/commons/collections4/CollectionUtilsTest.java,NO_METHOD,NO_FIELD,fixed
D,BC_VACUOUS_INSTANCEOF,2,17,commons-collections,f2842e66da968f1fe12479ff7b7ea46878526bb6,210b461d24a92be239bf81df12c9421c39911148,src/test/java/org/apache/commons/collections4/IteratorUtilsTest.java,803,803,e7f0d1372fdd72f38736116d7ba52eb15c4dca14,src/test/java/org/apache/commons/collections4/IteratorUtilsTest.java,testEmptyOrderedMapIterator()V,NO_FIELD,fixed
P,SIC_INNER_SHOULD_BE_STATIC_ANON,3,20,commons-collections,ebc66db42635b901a5dce7f5286ba3b2427fc119,879d382703540632f34e957a54b1b4c561d6bc00,src/test/java/org/apache/commons/collections4/bloomfilter/SimpleBloomFilterTest.java,59,68,9a58c1bbdf7c65e71b33ab1ba406f1de5a8191df,src/test/java/org/apache/commons/collections4/bloomfilter/SimpleBloomFilterTest.java,NO_METHOD,NO_FIELD,fixed
D,RI_REDUNDANT_INTERFACES,3,20,commons-collections,15ad7824efda1e1632d24f4c273796863841c537,b1834e87a6d08358cf42cf4402fec5b8d3e5ad7f,src/main/java/org/apache/commons/collections4/map/LazyMap.java,82,169,69aa3946d2a6da812c44a4e7e7fe45087afe1cdc,src/main/java/org/apache/commons/collections4/map/LazyMap.java,NO_METHOD,NO_FIELD,fixed
D,DLS_DEAD_LOCAL_STORE,2,17,commons-collections,c423a9964fa8e17028b378abbe47a50907e6d189,b2b52ef972b14e6cf340d3dc3c55a0612151a377,src/test/java/org/apache/commons/collections4/CollectionUtilsTest.java,1525,1525,7eb78290c8d7d1fa379536700de0bd4a81320bb0,src/test/java/org/apache/commons/collections4/CollectionUtilsTest.java,testRemoveRangeWrongEndIndex()V,NO_FIELD,fixed
D,RI_REDUNDANT_INTERFACES,3,20,commons-collections,0721f49bf0d8b954c8a4b8d75e5375de43af981e,c460996e75df489d6bbcb732763c10d01e62516f,src/main/java/org/apache/commons/collections4/multimap/MultiValuedHashMap.java,78,229,115198b9c94bc66c7a659a04d0e2f65959ce9297,src/main/java/org/apache/commons/collections4/multimap/MultiValuedHashMap.java,NO_METHOD,NO_FIELD,fixed
C,RC_REF_COMPARISON,3,6,commons-collections,80ec288ee76bc278d70aa234cbea407a2c9e82a2,f416d453af9c7b6f6a64003d439050c47a065cbd,src/test/java/org/apache/commons/collections4/keyvalue/MultiKeyTest.java,159,159,433229fd228bed96eb89d8814982b84541c600eb,src/test/java/org/apache/commons/collections4/keyvalue/MultiKeyTest.java,testGetKeysArrayConstructorCloned()V,TWO,fixed
P,SIC_INNER_SHOULD_BE_STATIC_ANON,3,20,commons-collections,750b8797bff0c23d3df5d61bada988b98bfb3f73,879d382703540632f34e957a54b1b4c561d6bc00,src/test/java/org/apache/commons/collections4/bloomfilter/SimpleBloomFilterTest.java,74,83,9a58c1bbdf7c65e71b33ab1ba406f1de5a8191df,src/test/java/org/apache/commons/collections4/bloomfilter/SimpleBloomFilterTest.java,NO_METHOD,NO_FIELD,fixed
D,BC_VACUOUS_INSTANCEOF,2,17,commons-collections,c86c01a2e278c7977be3acffb88cd14c38005aee,c86c01a2e278c7977be3acffb88cd14c38005aee,src/test/java/org/apache/commons/collections4/IteratorUtilsTest.java,1397,1397,a2c789233b566a0fdb42b8b39030156517831ee6,src/test/java/org/apache/commons/collections4/IteratorUtilsTest.java,testFilteredListIterator()V,NO_FIELD,fixed
D,BC_VACUOUS_INSTANCEOF,2,17,commons-collections,c86c01a2e278c7977be3acffb88cd14c38005aee,de7cb0105b574c98485f2f230a882000fc5f1480,src/test/java/org/apache/commons/collections4/IteratorUtilsTest.java,1255,1255,a963a123f73a0dde67d7c8f0c6ebb88a1e43aac4,src/test/java/org/apache/commons/collections4/IteratorUtilsTest.java,testChainedIterator()V,NO_FIELD,fixed
P,SIC_INNER_SHOULD_BE_STATIC_ANON,3,20,commons-collections,750b8797bff0c23d3df5d61bada988b98bfb3f73,879d382703540632f34e957a54b1b4c561d6bc00,src/test/java/org/apache/commons/collections4/bloomfilter/SparseBloomFilterTest.java,77,86,9a58c1bbdf7c65e71b33ab1ba406f1de5a8191df,src/test/java/org/apache/commons/collections4/bloomfilter/SparseBloomFilterTest.java,NO_METHOD,NO_FIELD,fixed
D,DLS_DEAD_LOCAL_STORE,2,17,commons-collections,f2842e66da968f1fe12479ff7b7ea46878526bb6,69f06d60f69ada39ed211f590fa6a963d20fe3f5,src/test/java/org/apache/commons/collections4/CollectionUtilsTest.java,1518,1518,1826012c2a8c5bbf407ae8fab8443d06e5f9c462,src/test/java/org/apache/commons/collections4/CollectionUtilsTest.java,collect()V,NO_FIELD,fixed
D,RI_REDUNDANT_INTERFACES,3,20,commons-collections,15ad7824efda1e1632d24f4c273796863841c537,b1834e87a6d08358cf42cf4402fec5b8d3e5ad7f,src/main/java/org/apache/commons/collections4/set/UnmodifiableSortedSet.java,57,151,69aa3946d2a6da812c44a4e7e7fe45087afe1cdc,src/main/java/org/apache/commons/collections4/set/UnmodifiableSortedSet.java,NO_METHOD,NO_FIELD,fixed
P,DM_STRING_CTOR,2,18,commons-collections,f2842e66da968f1fe12479ff7b7ea46878526bb6,12e9e5aae3c55d8d9db1288951d5ec75328cc701,src/test/java/org/apache/commons/collections4/list/SetUniqueListTest.java,62,62,e013bd8d77014d5f7db81ae477a6181e510abd86,src/test/java/org/apache/commons/collections4/list/SetUniqueListTest.java,getFullNonNullElements()[Ljava/lang/Object;,NO_FIELD,fixed
D,RV_RETURN_VALUE_IGNORED_NO_SIDE_EFFECT,2,17,commons-collections,80ec288ee76bc278d70aa234cbea407a2c9e82a2,b29bae05ae39d4a960a0b4748e0a87cbfe3ddc88,src/test/java/org/apache/commons/collections4/SplitMapUtilsTest.java,183,183,a2317f629915a2553a8a7bc8ee7a136cf12fb8d0,src/test/java/org/apache/commons/collections4/SplitMapUtilsTest.java,run()V,NO_FIELD,fixed
D,BC_VACUOUS_INSTANCEOF,2,17,commons-collections,c86c01a2e278c7977be3acffb88cd14c38005aee,c86c01a2e278c7977be3acffb88cd14c38005aee,src/test/java/org/apache/commons/collections4/IteratorUtilsTest.java,1259,1259,a2c789233b566a0fdb42b8b39030156517831ee6,src/test/java/org/apache/commons/collections4/IteratorUtilsTest.java,testObjectGraphIterator()V,NO_FIELD,fixed
D,NP_LOAD_OF_KNOWN_NULL_VALUE,3,19,commons-collections,f2842e66da968f1fe12479ff7b7ea46878526bb6,69f06d60f69ada39ed211f590fa6a963d20fe3f5,src/test/java/org/apache/commons/collections4/CollectionUtilsTest.java,2119,2119,1826012c2a8c5bbf407ae8fab8443d06e5f9c462,src/test/java/org/apache/commons/collections4/CollectionUtilsTest.java,extractSingleton()V,NO_FIELD,fixed
P,SIC_INNER_SHOULD_BE_STATIC_ANON,3,20,commons-collections,80ec288ee76bc278d70aa234cbea407a2c9e82a2,b29bae05ae39d4a960a0b4748e0a87cbfe3ddc88,src/test/java/org/apache/commons/collections4/iterators/FilterListIteratorTest.java,73,76,a2317f629915a2553a8a7bc8ee7a136cf12fb8d0,src/test/java/org/apache/commons/collections4/iterators/FilterListIteratorTest.java,NO_METHOD,NO_FIELD,fixed
D,BC_VACUOUS_INSTANCEOF,2,17,commons-collections,80ec288ee76bc278d70aa234cbea407a2c9e82a2,68747912d250cdb8813b941ed65356a0bcc92135,src/test/java/org/apache/commons/collections4/IteratorUtilsTest.java,679,679,8accf274ba10b7ed0a6659c7f34bb45d72d7c4ce,src/test/java/org/apache/commons/collections4/IteratorUtilsTest.java,testEmptyOrderedMapIterator()V,NO_FIELD,fixed
D,DLS_DEAD_LOCAL_STORE,2,17,commons-collections,c423a9964fa8e17028b378abbe47a50907e6d189,b2b52ef972b14e6cf340d3dc3c55a0612151a377,src/test/java/org/apache/commons/collections4/CollectionUtilsTest.java,1581,1581,7eb78290c8d7d1fa379536700de0bd4a81320bb0,src/test/java/org/apache/commons/collections4/CollectionUtilsTest.java,testRemoveCountWrongCount()V,NO_FIELD,fixed
P,SIC_INNER_SHOULD_BE_STATIC_ANON,3,20,commons-collections,13467cbc7f319f7f7e9e9185a673714736e77b83,b29bae05ae39d4a960a0b4748e0a87cbfe3ddc88,src/test/java/org/apache/commons/collections4/MultiSetUtilsTest.java,95,98,a2317f629915a2553a8a7bc8ee7a136cf12fb8d0,src/test/java/org/apache/commons/collections4/MultiSetUtilsTest.java,NO_METHOD,NO_FIELD,fixed
D,RI_REDUNDANT_INTERFACES,3,20,commons-collections,15ad7824efda1e1632d24f4c273796863841c537,b1834e87a6d08358cf42cf4402fec5b8d3e5ad7f,src/main/java/org/apache/commons/collections4/bag/UnmodifiableSortedBag.java,60,153,69aa3946d2a6da812c44a4e7e7fe45087afe1cdc,src/main/java/org/apache/commons/collections4/bag/UnmodifiableSortedBag.java,NO_METHOD,NO_FIELD,fixed
D,DLS_DEAD_LOCAL_STORE,2,17,commons-collections,c86c01a2e278c7977be3acffb88cd14c38005aee,de7cb0105b574c98485f2f230a882000fc5f1480,src/test/java/org/apache/commons/collections4/IteratorUtilsTest.java,1367,1367,a963a123f73a0dde67d7c8f0c6ebb88a1e43aac4,src/test/java/org/apache/commons/collections4/IteratorUtilsTest.java,testLoopingListIterator()V,NO_FIELD,fixed
D,BC_VACUOUS_INSTANCEOF,2,17,commons-collections,f2842e66da968f1fe12479ff7b7ea46878526bb6,b43d8a1733f6439d8a57850c413de99750144e45,src/test/java/org/apache/commons/collections4/IteratorUtilsTest.java,1042,1042,a82fa15727eb59117635b25d318383021e210092,src/test/java/org/apache/commons/collections4/IteratorUtilsTest.java,testLoopingListIterator()V,NO_FIELD,fixed
P,DM_NUMBER_CTOR,2,18,commons-collections,80ec288ee76bc278d70aa234cbea407a2c9e82a2,4d4caa6a92797835ed46d4f8aff361ecf0ad1a18,src/test/java/org/apache/commons/collections4/CollectionUtilsTest.java,1588,1588,477db84c1fc808b7f5ef709fcc114716ecb13fc0,src/test/java/org/apache/commons/collections4/CollectionUtilsTest.java,intersectionUsesMethodEquals()V,NO_FIELD,fixed
D,DLS_DEAD_LOCAL_STORE,3,20,commons-collections,80ec288ee76bc278d70aa234cbea407a2c9e82a2,f9f99ccfd684d1fd79747586e4c7b77606963774,src/test/java/org/apache/commons/collections4/MapUtilsTest.java,111,111,5d71ff3d29d63e677dfdaf53e08ecdf086cca665,src/test/java/org/apache/commons/collections4/MapUtilsTest.java,testLazyMapFactory()V,NO_FIELD,fixed
D,DLS_DEAD_LOCAL_STORE,2,17,commons-collections,f2842e66da968f1fe12479ff7b7ea46878526bb6,69f06d60f69ada39ed211f590fa6a963d20fe3f5,src/test/java/org/apache/commons/collections4/CollectionUtilsTest.java,901,901,1826012c2a8c5bbf407ae8fab8443d06e5f9c462,src/test/java/org/apache/commons/collections4/CollectionUtilsTest.java,forAllDoCollection()V,NO_FIELD,fixed
D,RI_REDUNDANT_INTERFACES,3,20,commons-collections,0721f49bf0d8b954c8a4b8d75e5375de43af981e,276552d5e73525cdd29d9e809659d35f34c5250e,src/main/java/org/apache/commons/collections4/multimap/AbstractListValuedMap.java,41,143,c0e4ebfbb0f8c38ef672394015f47fd72ba06cda,src/main/java/org/apache/commons/collections4/multimap/AbstractListValuedMap.java,NO_METHOD,NO_FIELD,fixed
P,SIC_INNER_SHOULD_BE_STATIC_ANON,3,20,commons-collections,80ec288ee76bc278d70aa234cbea407a2c9e82a2,b29bae05ae39d4a960a0b4748e0a87cbfe3ddc88,src/test/java/org/apache/commons/collections4/FluentIterableTest.java,201,204,a2317f629915a2553a8a7bc8ee7a136cf12fb8d0,src/test/java/org/apache/commons/collections4/FluentIterableTest.java,NO_METHOD,NO_FIELD,fixed
D,RI_REDUNDANT_INTERFACES,3,20,commons-collections,5310e25a6cb79eafb21408fabd744f9a76c2a020,115198b9c94bc66c7a659a04d0e2f65959ce9297,src/main/java/org/apache/commons/collections4/multimap/MultiValuedLinkedHashMap.java,79,232,276552d5e73525cdd29d9e809659d35f34c5250e,src/main/java/org/apache/commons/collections4/multimap/MultiValuedLinkedHashMap.java,NO_METHOD,NO_FIELD,fixed
P,DM_BOXED_PRIMITIVE_TOSTRING,2,18,commons-collections,80ec288ee76bc278d70aa234cbea407a2c9e82a2,b29bae05ae39d4a960a0b4748e0a87cbfe3ddc88,src/test/java/org/apache/commons/collections4/IterableUtilsTest.java,511,511,a2317f629915a2553a8a7bc8ee7a136cf12fb8d0,src/test/java/org/apache/commons/collections4/IterableUtilsTest.java,transform(Ljava/lang/Integer;)Ljava/lang/String;,NO_FIELD,fixed
D,DLS_DEAD_LOCAL_STORE,1,15,commons-collections,2af77aaa6b5c39af49f18e8c1014f8e7e3958753,879d382703540632f34e957a54b1b4c561d6bc00,src/test/java/org/apache/commons/collections4/bloomfilter/SetOperationsTest.java,196,196,9a58c1bbdf7c65e71b33ab1ba406f1de5a8191df,src/test/java/org/apache/commons/collections4/bloomfilter/SetOperationsTest.java,testJaccardSimilarity()V,NO_FIELD,fixed
P,DM_NUMBER_CTOR,2,18,commons-collections,f2842e66da968f1fe12479ff7b7ea46878526bb6,473bb29aea2ac42287a755ac65f0488d11766de8,src/test/java/org/apache/commons/collections4/collection/AbstractCollectionTest.java,456,456,e21ed0b99bfc9fcb4b90fe06bf74b95e8182e507,src/test/java/org/apache/commons/collections4/collection/AbstractCollectionTest.java,getOtherNonNullElements()[Ljava/lang/Object;,NO_FIELD,fixed
D,BC_VACUOUS_INSTANCEOF,2,17,commons-collections,f2842e66da968f1fe12479ff7b7ea46878526bb6,b43d8a1733f6439d8a57850c413de99750144e45,src/test/java/org/apache/commons/collections4/IteratorUtilsTest.java,1116,1116,a82fa15727eb59117635b25d318383021e210092,src/test/java/org/apache/commons/collections4/IteratorUtilsTest.java,testPeekingIterator()V,NO_FIELD,fixed
P,UPM_UNCALLED_PRIVATE_METHOD,3,20,commons-collections,f2842e66da968f1fe12479ff7b7ea46878526bb6,979d2727ae8df615292524b0b0ae0ff03ab261a9,src/test/java/org/apache/commons/collections4/map/ReferenceIdentityMapTest.java,325,330,7c4a4994cbb58313f8d6f7a39ec79b435f3b8b93,src/test/java/org/apache/commons/collections4/map/ReferenceIdentityMapTest.java,gc()V,NO_FIELD,fixed
D,UC_USELESS_OBJECT,2,17,commons-collections,80ec288ee76bc278d70aa234cbea407a2c9e82a2,2ec7843b940424bdb7e0cf0093062dff67946d5d,src/test/java/org/apache/commons/collections4/list/SetUniqueListTest.java,490,490,dc828f8b16a4e34d474b2470041eb0d757853a09,src/test/java/org/apache/commons/collections4/list/SetUniqueListTest.java,testCollections307()V,NO_FIELD,fixed
D,UWF_FIELD_NOT_INITIALIZED_IN_CONSTRUCTOR,3,20,commons-collections,976d64583525e604c4e04ac57ff4c600d2c61bfe,a34da7bcf532488860e9fc4e56c228df95d62b61,src/test/java/org/apache/commons/collections4/bloomfilter/hasher/DynamicHasherTest.java,83,83,bbee9fbd9b7d4a392ea2a43e8413065195d1823a,src/test/java/org/apache/commons/collections4/bloomfilter/hasher/DynamicHasherTest.java,testGetBits()V,builder,fixed
D,NP_LOAD_OF_KNOWN_NULL_VALUE,3,19,commons-collections,f2842e66da968f1fe12479ff7b7ea46878526bb6,69f06d60f69ada39ed211f590fa6a963d20fe3f5,src/test/java/org/apache/commons/collections4/CollectionUtilsTest.java,433,433,1826012c2a8c5bbf407ae8fab8443d06e5f9c462,src/test/java/org/apache/commons/collections4/CollectionUtilsTest.java,testContainsAnyInArrayNullArray()V,NO_FIELD,fixed
D,DLS_DEAD_LOCAL_STORE,2,17,commons-collections,c423a9964fa8e17028b378abbe47a50907e6d189,b2b52ef972b14e6cf340d3dc3c55a0612151a377,src/test/java/org/apache/commons/collections4/CollectionUtilsTest.java,1562,1562,7eb78290c8d7d1fa379536700de0bd4a81320bb0,src/test/java/org/apache/commons/collections4/CollectionUtilsTest.java,testRemoveCountWithNull()V,NO_FIELD,fixed
D,BC_VACUOUS_INSTANCEOF,2,17,commons-collections,f2842e66da968f1fe12479ff7b7ea46878526bb6,b43d8a1733f6439d8a57850c413de99750144e45,src/test/java/org/apache/commons/collections4/IteratorUtilsTest.java,1033,1033,a82fa15727eb59117635b25d318383021e210092,src/test/java/org/apache/commons/collections4/IteratorUtilsTest.java,testLoopingIterator()V,NO_FIELD,fixed
D,UC_USELESS_OBJECT,2,17,commons-collections,69f06d60f69ada39ed211f590fa6a963d20fe3f5,69f06d60f69ada39ed211f590fa6a963d20fe3f5,src/test/java/org/apache/commons/collections4/CollectionUtilsTest.java,1052,1052,1826012c2a8c5bbf407ae8fab8443d06e5f9c462,src/test/java/org/apache/commons/collections4/CollectionUtilsTest.java,getFromTreeMap()V,NO_FIELD,fixed
D,BC_VACUOUS_INSTANCEOF,2,17,commons-collections,f2842e66da968f1fe12479ff7b7ea46878526bb6,b43d8a1733f6439d8a57850c413de99750144e45,src/test/java/org/apache/commons/collections4/IteratorUtilsTest.java,1423,1423,a82fa15727eb59117635b25d318383021e210092,src/test/java/org/apache/commons/collections4/IteratorUtilsTest.java,testZippingIterator()V,NO_FIELD,fixed
D,BC_VACUOUS_INSTANCEOF,2,17,commons-collections,c86c01a2e278c7977be3acffb88cd14c38005aee,c86c01a2e278c7977be3acffb88cd14c38005aee,src/test/java/org/apache/commons/collections4/IteratorUtilsTest.java,1320,1320,a2c789233b566a0fdb42b8b39030156517831ee6,src/test/java/org/apache/commons/collections4/IteratorUtilsTest.java,testAsIteratorNull()V,NO_FIELD,fixed
D,RI_REDUNDANT_INTERFACES,3,20,commons-collections,15ad7824efda1e1632d24f4c273796863841c537,b1834e87a6d08358cf42cf4402fec5b8d3e5ad7f,src/main/java/org/apache/commons/collections4/bag/CollectionBag.java,49,166,69aa3946d2a6da812c44a4e7e7fe45087afe1cdc,src/main/java/org/apache/commons/collections4/bag/CollectionBag.java,NO_METHOD,NO_FIELD,fixed
P,SIC_INNER_SHOULD_BE_STATIC_ANON,3,20,commons-collections,80ec288ee76bc278d70aa234cbea407a2c9e82a2,b29bae05ae39d4a960a0b4748e0a87cbfe3ddc88,src/test/java/org/apache/commons/collections4/IterableUtilsTest.java,508,511,a2317f629915a2553a8a7bc8ee7a136cf12fb8d0,src/test/java/org/apache/commons/collections4/IterableUtilsTest.java,NO_METHOD,NO_FIELD,fixed
C,RC_REF_COMPARISON,3,6,commons-collections,80ec288ee76bc278d70aa234cbea407a2c9e82a2,4d4caa6a92797835ed46d4f8aff361ecf0ad1a18,src/test/java/org/apache/commons/collections4/FactoryUtilsTest.java,126,126,477db84c1fc808b7f5ef709fcc114716ecb13fc0,src/test/java/org/apache/commons/collections4/FactoryUtilsTest.java,testPrototypeFactoryPublicSerialization()V,NO_FIELD,fixed
D,BC_VACUOUS_INSTANCEOF,2,17,commons-collections,8713af90d540e7bb01f8ba1fd99f6c04e41a7433,8accf274ba10b7ed0a6659c7f34bb45d72d7c4ce,src/test/java/org/apache/commons/collections4/IteratorUtilsTest.java,1133,1133,864fda4370a8d1bbd942400dd899653fd5d85244,src/test/java/org/apache/commons/collections4/IteratorUtilsTest.java,testGetIterator()V,NO_FIELD,fixed
C,RC_REF_COMPARISON,3,6,commons-collections,80ec288ee76bc278d70aa234cbea407a2c9e82a2,f416d453af9c7b6f6a64003d439050c47a065cbd,src/test/java/org/apache/commons/collections4/keyvalue/MultiKeyTest.java,158,158,433229fd228bed96eb89d8814982b84541c600eb,src/test/java/org/apache/commons/collections4/keyvalue/MultiKeyTest.java,testGetKeysArrayConstructorCloned()V,ONE,fixed
P,SIC_INNER_SHOULD_BE_STATIC_ANON,3,20,commons-collections,80ec288ee76bc278d70aa234cbea407a2c9e82a2,b29bae05ae39d4a960a0b4748e0a87cbfe3ddc88,src/test/java/org/apache/commons/collections4/TransformerUtilsTest.java,250,253,a2317f629915a2553a8a7bc8ee7a136cf12fb8d0,src/test/java/org/apache/commons/collections4/TransformerUtilsTest.java,NO_METHOD,NO_FIELD,fixed
P,SIC_INNER_SHOULD_BE_STATIC_ANON,3,20,commons-collections,80ec288ee76bc278d70aa234cbea407a2c9e82a2,b29bae05ae39d4a960a0b4748e0a87cbfe3ddc88,src/test/java/org/apache/commons/collections4/MapUtilsTest.java,125,131,a2317f629915a2553a8a7bc8ee7a136cf12fb8d0,src/test/java/org/apache/commons/collections4/MapUtilsTest.java,NO_METHOD,NO_FIELD,fixed
D,BC_VACUOUS_INSTANCEOF,2,17,commons-collections,c86c01a2e278c7977be3acffb88cd14c38005aee,de7cb0105b574c98485f2f230a882000fc5f1480,src/test/java/org/apache/commons/collections4/IteratorUtilsTest.java,1327,1327,a963a123f73a0dde67d7c8f0c6ebb88a1e43aac4,src/test/java/org/apache/commons/collections4/IteratorUtilsTest.java,testAsIterator()V,NO_FIELD,fixed
D,NP_LOAD_OF_KNOWN_NULL_VALUE,3,19,commons-collections,f2842e66da968f1fe12479ff7b7ea46878526bb6,69f06d60f69ada39ed211f590fa6a963d20fe3f5,src/test/java/org/apache/commons/collections4/CollectionUtilsTest.java,425,425,1826012c2a8c5bbf407ae8fab8443d06e5f9c462,src/test/java/org/apache/commons/collections4/CollectionUtilsTest.java,testContainsAnyInArrayNullColl2()V,NO_FIELD,fixed
D,RI_REDUNDANT_INTERFACES,3,20,commons-collections,15ad7824efda1e1632d24f4c273796863841c537,b1834e87a6d08358cf42cf4402fec5b8d3e5ad7f,src/main/java/org/apache/commons/collections4/queue/UnmodifiableQueue.java,56,151,69aa3946d2a6da812c44a4e7e7fe45087afe1cdc,src/main/java/org/apache/commons/collections4/queue/UnmodifiableQueue.java,NO_METHOD,NO_FIELD,fixed
D,NP_LOAD_OF_KNOWN_NULL_VALUE,3,19,commons-collections,f2842e66da968f1fe12479ff7b7ea46878526bb6,69f06d60f69ada39ed211f590fa6a963d20fe3f5,src/test/java/org/apache/commons/collections4/CollectionUtilsTest.java,2055,2055,1826012c2a8c5bbf407ae8fab8443d06e5f9c462,src/test/java/org/apache/commons/collections4/CollectionUtilsTest.java,testAddAllNullColl5()V,NO_FIELD,fixed
D,NP_LOAD_OF_KNOWN_NULL_VALUE,3,19,commons-collections,1826012c2a8c5bbf407ae8fab8443d06e5f9c462,7e392b90934e29435e7f6db4e6c417bf302a5db9,src/test/java/org/apache/commons/collections4/CollectionUtilsTest.java,1299,1299,4b8b5c7163ac8f16b1343ac3133f0feb7faffb39,src/test/java/org/apache/commons/collections4/CollectionUtilsTest.java,testContainsAnyNullColl2()V,NO_FIELD,fixed
D,RI_REDUNDANT_INTERFACES,3,20,commons-collections,15ad7824efda1e1632d24f4c273796863841c537,b1834e87a6d08358cf42cf4402fec5b8d3e5ad7f,src/main/java/org/apache/commons/collections4/bag/CollectionSortedBag.java,49,166,69aa3946d2a6da812c44a4e7e7fe45087afe1cdc,src/main/java/org/apache/commons/collections4/bag/CollectionSortedBag.java,NO_METHOD,NO_FIELD,fixed
P,SIC_INNER_SHOULD_BE_STATIC_ANON,3,20,commons-collections,80ec288ee76bc278d70aa234cbea407a2c9e82a2,b29bae05ae39d4a960a0b4748e0a87cbfe3ddc88,src/test/java/org/apache/commons/collections4/iterators/FilterListIteratorTest.java,80,83,a2317f629915a2553a8a7bc8ee7a136cf12fb8d0,src/test/java/org/apache/commons/collections4/iterators/FilterListIteratorTest.java,NO_METHOD,NO_FIELD,fixed
D,RV_RETURN_VALUE_IGNORED_NO_SIDE_EFFECT,2,17,commons-collections,80ec288ee76bc278d70aa234cbea407a2c9e82a2,f416d453af9c7b6f6a64003d439050c47a065cbd,src/test/java/org/apache/commons/collections4/keyvalue/MultiKeyTest.java,133,133,433229fd228bed96eb89d8814982b84541c600eb,src/test/java/org/apache/commons/collections4/keyvalue/MultiKeyTest.java,testGetIndexed()V,NO_FIELD,fixed
P,SIC_INNER_SHOULD_BE_STATIC_ANON,3,20,commons-collections,80ec288ee76bc278d70aa234cbea407a2c9e82a2,b29bae05ae39d4a960a0b4748e0a87cbfe3ddc88,src/test/java/org/apache/commons/collections4/MapUtilsTest.java,862,865,a2317f629915a2553a8a7bc8ee7a136cf12fb8d0,src/test/java/org/apache/commons/collections4/MapUtilsTest.java,NO_METHOD,NO_FIELD,fixed
P,DM_NUMBER_CTOR,2,18,commons-collections,f2842e66da968f1fe12479ff7b7ea46878526bb6,3a66c79e725295194eaa82fba3189be60c8255d1,src/test/java/org/apache/commons/collections4/sequence/SequencesComparatorTest.java,150,150,473bb29aea2ac42287a755ac65f0488d11766de8,src/test/java/org/apache/commons/collections4/sequence/SequencesComparatorTest.java,sequence(Ljava/lang/String;)Ljava/util/List;,NO_FIELD,fixed
D,BC_VACUOUS_INSTANCEOF,2,17,commons-collections,e7f0d1372fdd72f38736116d7ba52eb15c4dca14,7e392b90934e29435e7f6db4e6c417bf302a5db9,src/test/java/org/apache/commons/collections4/IteratorUtilsTest.java,800,800,4b8b5c7163ac8f16b1343ac3133f0feb7faffb39,src/test/java/org/apache/commons/collections4/IteratorUtilsTest.java,testEmptyOrderedMapIterator()V,NO_FIELD,fixed
P,DM_STRING_CTOR,2,18,commons-collections,f2842e66da968f1fe12479ff7b7ea46878526bb6,12e9e5aae3c55d8d9db1288951d5ec75328cc701,src/test/java/org/apache/commons/collections4/list/SetUniqueListTest.java,538,538,e013bd8d77014d5f7db81ae477a6181e510abd86,src/test/java/org/apache/commons/collections4/list/SetUniqueListTest.java,testSetUpwardsInList()V,NO_FIELD,fixed
P,SIC_INNER_SHOULD_BE_STATIC_ANON,3,20,commons-collections,469c04b14c393a9725cb10e9d22429870bb508a3,a1ce1c21212b0bdf6168f8d0ef3824bdb9c7574e,src/test/java/org/apache/commons/collections4/bloomfilter/hasher/ShapeTest.java,456,480,87497d0fa12cd389bf0107fe13c5f6f46de4f340,src/test/java/org/apache/commons/collections4/bloomfilter/hasher/ShapeTest.java,NO_METHOD,NO_FIELD,fixed
P,SIC_INNER_SHOULD_BE_STATIC_ANON,3,20,commons-collections,80ec288ee76bc278d70aa234cbea407a2c9e82a2,b29bae05ae39d4a960a0b4748e0a87cbfe3ddc88,src/test/java/org/apache/commons/collections4/splitmap/TransformedSplitMapTest.java,52,55,a2317f629915a2553a8a7bc8ee7a136cf12fb8d0,src/test/java/org/apache/commons/collections4/splitmap/TransformedSplitMapTest.java,NO_METHOD,NO_FIELD,fixed
P,SIC_INNER_SHOULD_BE_STATIC_ANON,3,20,commons-collections,80ec288ee76bc278d70aa234cbea407a2c9e82a2,b29bae05ae39d4a960a0b4748e0a87cbfe3ddc88,src/test/java/org/apache/commons/collections4/iterators/FilterListIteratorTest.java,94,97,a2317f629915a2553a8a7bc8ee7a136cf12fb8d0,src/test/java/org/apache/commons/collections4/iterators/FilterListIteratorTest.java,NO_METHOD,NO_FIELD,fixed
P,SIC_INNER_SHOULD_BE_STATIC_ANON,3,20,commons-collections,80ec288ee76bc278d70aa234cbea407a2c9e82a2,8accf274ba10b7ed0a6659c7f34bb45d72d7c4ce,src/test/java/org/apache/commons/collections4/IteratorUtilsTest.java,942,949,864fda4370a8d1bbd942400dd899653fd5d85244,src/test/java/org/apache/commons/collections4/IteratorUtilsTest.java,NO_METHOD,NO_FIELD,fixed
P,SIC_INNER_SHOULD_BE_STATIC_ANON,3,20,commons-collections,80ec288ee76bc278d70aa234cbea407a2c9e82a2,b29bae05ae39d4a960a0b4748e0a87cbfe3ddc88,src/test/java/org/apache/commons/collections4/IterableUtilsTest.java,618,622,a2317f629915a2553a8a7bc8ee7a136cf12fb8d0,src/test/java/org/apache/commons/collections4/IterableUtilsTest.java,NO_METHOD,NO_FIELD,fixed
D,NP_LOAD_OF_KNOWN_NULL_VALUE,3,19,commons-collections,f2842e66da968f1fe12479ff7b7ea46878526bb6,69f06d60f69ada39ed211f590fa6a963d20fe3f5,src/test/java/org/apache/commons/collections4/CollectionUtilsTest.java,2041,2041,1826012c2a8c5bbf407ae8fab8443d06e5f9c462,src/test/java/org/apache/commons/collections4/CollectionUtilsTest.java,testAddAllNullColl3()V,NO_FIELD,fixed
D,DLS_DEAD_LOCAL_STORE,2,17,commons-collections,f2842e66da968f1fe12479ff7b7ea46878526bb6,979d2727ae8df615292524b0b0ae0ff03ab261a9,src/test/java/org/apache/commons/collections4/map/ReferenceIdentityMapTest.java,325,325,7c4a4994cbb58313f8d6f7a39ec79b435f3b8b93,src/test/java/org/apache/commons/collections4/map/ReferenceIdentityMapTest.java,gc()V,NO_FIELD,fixed
V,EI_EXPOSE_REP2,2,18,commons-collections,f0f364fd9d946483f947011a3557c1e6f2e5d8ee,9fd080442c35d58d5aa6b5aeed387c304a6b1d06,src/main/java/org/apache/commons/collections4/keyvalue/MultiKey.java,166,166,7d06bd77e9ebda68c79eac20075560d488a28364,src/main/java/org/apache/commons/collections4/keyvalue/MultiKey.java,<init>([Ljava/lang/Object;Z)V,keys,fixed
P,SIC_INNER_SHOULD_BE_STATIC_ANON,3,20,commons-collections,750b8797bff0c23d3df5d61bada988b98bfb3f73,2a6ec0fca0ae2098bf48306d98575a8ebee6ad9c,src/test/java/org/apache/commons/collections4/bloomfilter/AbstractIndexProducerTest.java,83,89,3bc37dcd6b7f4a1b77ee7ce64d5cf916681eed6e,src/test/java/org/apache/commons/collections4/bloomfilter/AbstractIndexProducerTest.java,NO_METHOD,NO_FIELD,fixed
C,RC_REF_COMPARISON,3,6,commons-collections,80ec288ee76bc278d70aa234cbea407a2c9e82a2,4d4caa6a92797835ed46d4f8aff361ecf0ad1a18,src/test/java/org/apache/commons/collections4/CollectionUtilsTest.java,1616,1616,477db84c1fc808b7f5ef709fcc114716ecb13fc0,src/test/java/org/apache/commons/collections4/CollectionUtilsTest.java,intersectionUsesMethodEquals()V,NO_FIELD,fixed
D,NP_LOAD_OF_KNOWN_NULL_VALUE,3,19,commons-collections,1826012c2a8c5bbf407ae8fab8443d06e5f9c462,7e392b90934e29435e7f6db4e6c417bf302a5db9,src/test/java/org/apache/commons/collections4/CollectionUtilsTest.java,1270,1270,4b8b5c7163ac8f16b1343ac3133f0feb7faffb39,src/test/java/org/apache/commons/collections4/CollectionUtilsTest.java,testContainsAnyInArrayNullArray()V,NO_FIELD,fixed
P,SIC_INNER_SHOULD_BE_STATIC_ANON,3,20,commons-collections,80ec288ee76bc278d70aa234cbea407a2c9e82a2,b29bae05ae39d4a960a0b4748e0a87cbfe3ddc88,src/test/java/org/apache/commons/collections4/SplitMapUtilsTest.java,186,190,a2317f629915a2553a8a7bc8ee7a136cf12fb8d0,src/test/java/org/apache/commons/collections4/SplitMapUtilsTest.java,NO_METHOD,NO_FIELD,fixed
D,DLS_DEAD_LOCAL_STORE,2,17,commons-collections,c423a9964fa8e17028b378abbe47a50907e6d189,b2b52ef972b14e6cf340d3dc3c55a0612151a377,src/test/java/org/apache/commons/collections4/CollectionUtilsTest.java,1518,1518,7eb78290c8d7d1fa379536700de0bd4a81320bb0,src/test/java/org/apache/commons/collections4/CollectionUtilsTest.java,testRemoveRangeEndLowStart()V,NO_FIELD,fixed
P,SIC_INNER_SHOULD_BE_STATIC_ANON,3,20,commons-collections,80ec288ee76bc278d70aa234cbea407a2c9e82a2,b29bae05ae39d4a960a0b4748e0a87cbfe3ddc88,src/test/java/org/apache/commons/collections4/SplitMapUtilsTest.java,180,184,a2317f629915a2553a8a7bc8ee7a136cf12fb8d0,src/test/java/org/apache/commons/collections4/SplitMapUtilsTest.java,NO_METHOD,NO_FIELD,fixed
C,RC_REF_COMPARISON,3,6,commons-collections,80ec288ee76bc278d70aa234cbea407a2c9e82a2,f416d453af9c7b6f6a64003d439050c47a065cbd,src/test/java/org/apache/commons/collections4/keyvalue/MultiKeyTest.java,171,171,433229fd228bed96eb89d8814982b84541c600eb,src/test/java/org/apache/commons/collections4/keyvalue/MultiKeyTest.java,testGetKeysArrayConstructorNonCloned()V,TWO,fixed
P,SIC_INNER_SHOULD_BE_STATIC_ANON,3,20,commons-collections,80ec288ee76bc278d70aa234cbea407a2c9e82a2,b29bae05ae39d4a960a0b4748e0a87cbfe3ddc88,src/test/java/org/apache/commons/collections4/iterators/IteratorChainTest.java,94,97,a2317f629915a2553a8a7bc8ee7a136cf12fb8d0,src/test/java/org/apache/commons/collections4/iterators/IteratorChainTest.java,NO_METHOD,NO_FIELD,fixed
P,DM_NUMBER_CTOR,2,18,commons-collections,f2842e66da968f1fe12479ff7b7ea46878526bb6,536566350c3213a38a483119c34b350a859214c9,src/test/java/org/apache/commons/collections4/IterableUtilsTest.java,507,507,12e9e5aae3c55d8d9db1288951d5ec75328cc701,src/test/java/org/apache/commons/collections4/IterableUtilsTest.java,lambda$testToStringDelimiter$7(Ljava/lang/Integer;)Ljava/lang/String;,NO_FIELD,fixed
D,BC_VACUOUS_INSTANCEOF,2,17,commons-collections,f2842e66da968f1fe12479ff7b7ea46878526bb6,210b461d24a92be239bf81df12c9421c39911148,src/test/java/org/apache/commons/collections4/IteratorUtilsTest.java,722,722,e7f0d1372fdd72f38736116d7ba52eb15c4dca14,src/test/java/org/apache/commons/collections4/IteratorUtilsTest.java,testEmptyMapIterator()V,NO_FIELD,fixed
P,SIC_INNER_SHOULD_BE_STATIC_ANON,3,20,commons-collections,80ec288ee76bc278d70aa234cbea407a2c9e82a2,b29bae05ae39d4a960a0b4748e0a87cbfe3ddc88,src/test/java/org/apache/commons/collections4/comparators/ComparatorChainTest.java,106,116,a2317f629915a2553a8a7bc8ee7a136cf12fb8d0,src/test/java/org/apache/commons/collections4/comparators/ComparatorChainTest.java,NO_METHOD,NO_FIELD,fixed
D,BC_VACUOUS_INSTANCEOF,2,17,commons-collections,f2842e66da968f1fe12479ff7b7ea46878526bb6,b43d8a1733f6439d8a57850c413de99750144e45,src/test/java/org/apache/commons/collections4/IteratorUtilsTest.java,865,865,a82fa15727eb59117635b25d318383021e210092,src/test/java/org/apache/commons/collections4/IteratorUtilsTest.java,testFilteredListIterator()V,NO_FIELD,fixed
D,RV_RETURN_VALUE_IGNORED_NO_SIDE_EFFECT,2,17,commons-collections,c7599fd2a84b3d58473fd16c5df4034a8658e925,a3503a1b569977dc6f8f136dcdcdabe49b8249c1,src/main/java/org/apache/commons/collections4/MapUtils.java,1150,1150,b9284992ea3c8c484893517ee9df3b2274296959,src/main/java/org/apache/commons/collections4/MapUtils.java,putAll(Ljava/util/Map;[Ljava/lang/Object;)Ljava/util/Map;,NO_FIELD,fixed
P,SIC_INNER_SHOULD_BE_STATIC_ANON,3,20,commons-collections,80ec288ee76bc278d70aa234cbea407a2c9e82a2,b29bae05ae39d4a960a0b4748e0a87cbfe3ddc88,src/test/java/org/apache/commons/collections4/MapUtilsTest.java,68,71,a2317f629915a2553a8a7bc8ee7a136cf12fb8d0,src/test/java/org/apache/commons/collections4/MapUtilsTest.java,NO_METHOD,NO_FIELD,fixed
D,NP_LOAD_OF_KNOWN_NULL_VALUE,3,19,commons-collections,f2842e66da968f1fe12479ff7b7ea46878526bb6,69f06d60f69ada39ed211f590fa6a963d20fe3f5,src/test/java/org/apache/commons/collections4/CollectionUtilsTest.java,1834,1834,1826012c2a8c5bbf407ae8fab8443d06e5f9c462,src/test/java/org/apache/commons/collections4/CollectionUtilsTest.java,testRemoveCountWithNull()V,NO_FIELD,fixed
D,BC_VACUOUS_INSTANCEOF,2,17,commons-collections,c86c01a2e278c7977be3acffb88cd14c38005aee,c86c01a2e278c7977be3acffb88cd14c38005aee,src/test/java/org/apache/commons/collections4/IteratorUtilsTest.java,1215,1215,a2c789233b566a0fdb42b8b39030156517831ee6,src/test/java/org/apache/commons/collections4/IteratorUtilsTest.java,testPeekingIterator()V,NO_FIELD,fixed
P,SIC_INNER_SHOULD_BE_STATIC_ANON,3,20,commons-collections,80ec288ee76bc278d70aa234cbea407a2c9e82a2,b29bae05ae39d4a960a0b4748e0a87cbfe3ddc88,src/test/java/org/apache/commons/collections4/CollectionUtilsTest.java,746,750,a2317f629915a2553a8a7bc8ee7a136cf12fb8d0,src/test/java/org/apache/commons/collections4/CollectionUtilsTest.java,NO_METHOD,NO_FIELD,fixed
D,BC_VACUOUS_INSTANCEOF,2,17,commons-collections,80ec288ee76bc278d70aa234cbea407a2c9e82a2,c86c01a2e278c7977be3acffb88cd14c38005aee,src/test/java/org/apache/commons/collections4/IteratorUtilsTest.java,597,597,a2c789233b566a0fdb42b8b39030156517831ee6,src/test/java/org/apache/commons/collections4/IteratorUtilsTest.java,testEmptyListIterator()V,NO_FIELD,fixed
D,NP_LOAD_OF_KNOWN_NULL_VALUE,3,19,commons-collections,c423a9964fa8e17028b378abbe47a50907e6d189,b2b52ef972b14e6cf340d3dc3c55a0612151a377,src/test/java/org/apache/commons/collections4/CollectionUtilsTest.java,1496,1496,7eb78290c8d7d1fa379536700de0bd4a81320bb0,src/test/java/org/apache/commons/collections4/CollectionUtilsTest.java,testRemoveRangeNull()V,NO_FIELD,fixed
P,SIC_INNER_SHOULD_BE_STATIC_ANON,3,20,commons-collections,80ec288ee76bc278d70aa234cbea407a2c9e82a2,b29bae05ae39d4a960a0b4748e0a87cbfe3ddc88,src/test/java/org/apache/commons/collections4/SplitMapUtilsTest.java,96,100,a2317f629915a2553a8a7bc8ee7a136cf12fb8d0,src/test/java/org/apache/commons/collections4/SplitMapUtilsTest.java,NO_METHOD,NO_FIELD,fixed
D,BC_VACUOUS_INSTANCEOF,2,17,commons-collections,f2842e66da968f1fe12479ff7b7ea46878526bb6,b43d8a1733f6439d8a57850c413de99750144e45,src/test/java/org/apache/commons/collections4/IteratorUtilsTest.java,1131,1131,a82fa15727eb59117635b25d318383021e210092,src/test/java/org/apache/commons/collections4/IteratorUtilsTest.java,testSingletonIterator()V,NO_FIELD,fixed
P,SIC_INNER_SHOULD_BE_STATIC_ANON,3,20,commons-collections,80ec288ee76bc278d70aa234cbea407a2c9e82a2,b29bae05ae39d4a960a0b4748e0a87cbfe3ddc88,src/test/java/org/apache/commons/collections4/CollectionUtilsTest.java,1336,1339,a2317f629915a2553a8a7bc8ee7a136cf12fb8d0,src/test/java/org/apache/commons/collections4/CollectionUtilsTest.java,NO_METHOD,NO_FIELD,fixed
D,NP_LOAD_OF_KNOWN_NULL_VALUE,3,19,commons-collections,f2842e66da968f1fe12479ff7b7ea46878526bb6,69f06d60f69ada39ed211f590fa6a963d20fe3f5,src/test/java/org/apache/commons/collections4/CollectionUtilsTest.java,377,377,1826012c2a8c5bbf407ae8fab8443d06e5f9c462,src/test/java/org/apache/commons/collections4/CollectionUtilsTest.java,testContainsAnyNullColl3()V,NO_FIELD,fixed
P,DM_BOXED_PRIMITIVE_TOSTRING,2,18,commons-collections,80ec288ee76bc278d70aa234cbea407a2c9e82a2,b29bae05ae39d4a960a0b4748e0a87cbfe3ddc88,src/test/java/org/apache/commons/collections4/IterableUtilsTest.java,541,541,a2317f629915a2553a8a7bc8ee7a136cf12fb8d0,src/test/java/org/apache/commons/collections4/IterableUtilsTest.java,transform(Ljava/lang/Integer;)Ljava/lang/String;,NO_FIELD,fixed
D,NP_LOAD_OF_KNOWN_NULL_VALUE,3,19,commons-collections,1826012c2a8c5bbf407ae8fab8443d06e5f9c462,7e392b90934e29435e7f6db4e6c417bf302a5db9,src/test/java/org/apache/commons/collections4/CollectionUtilsTest.java,1861,1861,4b8b5c7163ac8f16b1343ac3133f0feb7faffb39,src/test/java/org/apache/commons/collections4/CollectionUtilsTest.java,testRemoveCountWithNull()V,NO_FIELD,fixed
D,RI_REDUNDANT_INTERFACES,3,20,commons-collections,15ad7824efda1e1632d24f4c273796863841c537,b1834e87a6d08358cf42cf4402fec5b8d3e5ad7f,src/main/java/org/apache/commons/collections4/set/AbstractSerializableSetDecorator.java,46,72,69aa3946d2a6da812c44a4e7e7fe45087afe1cdc,src/main/java/org/apache/commons/collections4/set/AbstractSerializableSetDecorator.java,NO_METHOD,NO_FIELD,fixed
D,NP_LOAD_OF_KNOWN_NULL_VALUE,3,19,commons-collections,f2842e66da968f1fe12479ff7b7ea46878526bb6,69f06d60f69ada39ed211f590fa6a963d20fe3f5,src/test/java/org/apache/commons/collections4/CollectionUtilsTest.java,1768,1768,1826012c2a8c5bbf407ae8fab8443d06e5f9c462,src/test/java/org/apache/commons/collections4/CollectionUtilsTest.java,testRemoveRangeNull()V,NO_FIELD,fixed
D,DLS_DEAD_LOCAL_STORE,3,20,commons-collections,469c04b14c393a9725cb10e9d22429870bb508a3,90f705e73270ef0c2c21bd14daf998bbe0d5ecc3,src/test/java/org/apache/commons/collections4/bloomfilter/CountingBloomFilterTest.java,105,105,9f4953f4cbb0963f838c004eda39847e55e3f219,src/test/java/org/apache/commons/collections4/bloomfilter/MapCountingBloomFilterTest.java,ConstructorTest_Map_CountsTest()V,NO_FIELD,fixed
P,SIC_INNER_SHOULD_BE_STATIC_ANON,3,20,commons-collections,80ec288ee76bc278d70aa234cbea407a2c9e82a2,b29bae05ae39d4a960a0b4748e0a87cbfe3ddc88,src/test/java/org/apache/commons/collections4/SplitMapUtilsTest.java,168,172,a2317f629915a2553a8a7bc8ee7a136cf12fb8d0,src/test/java/org/apache/commons/collections4/SplitMapUtilsTest.java,NO_METHOD,NO_FIELD,fixed
D,BC_VACUOUS_INSTANCEOF,2,17,commons-collections,c86c01a2e278c7977be3acffb88cd14c38005aee,c86c01a2e278c7977be3acffb88cd14c38005aee,src/test/java/org/apache/commons/collections4/IteratorUtilsTest.java,1350,1350,a2c789233b566a0fdb42b8b39030156517831ee6,src/test/java/org/apache/commons/collections4/IteratorUtilsTest.java,testLoopingListIterator()V,NO_FIELD,fixed
D,DLS_DEAD_LOCAL_STORE,1,15,commons-collections,2af77aaa6b5c39af49f18e8c1014f8e7e3958753,879d382703540632f34e957a54b1b4c561d6bc00,src/test/java/org/apache/commons/collections4/bloomfilter/SetOperationsTest.java,86,86,9a58c1bbdf7c65e71b33ab1ba406f1de5a8191df,src/test/java/org/apache/commons/collections4/bloomfilter/SetOperationsTest.java,testCosineDistance()V,NO_FIELD,fixed
D,RI_REDUNDANT_INTERFACES,3,20,commons-collections,15ad7824efda1e1632d24f4c273796863841c537,b1834e87a6d08358cf42cf4402fec5b8d3e5ad7f,src/main/java/org/apache/commons/collections4/map/FixedSizeMap.java,73,167,69aa3946d2a6da812c44a4e7e7fe45087afe1cdc,src/main/java/org/apache/commons/collections4/map/FixedSizeMap.java,NO_METHOD,NO_FIELD,fixed
P,SIC_INNER_SHOULD_BE_STATIC_ANON,3,20,commons-collections,f2842e66da968f1fe12479ff7b7ea46878526bb6,69f06d60f69ada39ed211f590fa6a963d20fe3f5,src/test/java/org/apache/commons/collections4/CollectionUtilsTest.java,797,808,1826012c2a8c5bbf407ae8fab8443d06e5f9c462,src/test/java/org/apache/commons/collections4/CollectionUtilsTest.java,NO_METHOD,NO_FIELD,fixed
P,SIC_INNER_SHOULD_BE_STATIC_ANON,3,20,commons-collections,80ec288ee76bc278d70aa234cbea407a2c9e82a2,b29bae05ae39d4a960a0b4748e0a87cbfe3ddc88,src/test/java/org/apache/commons/collections4/iterators/FilterListIteratorTest.java,108,111,a2317f629915a2553a8a7bc8ee7a136cf12fb8d0,src/test/java/org/apache/commons/collections4/iterators/FilterListIteratorTest.java,NO_METHOD,NO_FIELD,fixed
D,UC_USELESS_OBJECT,2,17,commons-collections,f2842e66da968f1fe12479ff7b7ea46878526bb6,7e392b90934e29435e7f6db4e6c417bf302a5db9,src/test/java/org/apache/commons/collections4/CollectionUtilsTest.java,1751,1751,4b8b5c7163ac8f16b1343ac3133f0feb7faffb39,src/test/java/org/apache/commons/collections4/CollectionUtilsTest.java,testRemoveAllNullBaseColl()V,NO_FIELD,fixed
P,SIC_INNER_SHOULD_BE_STATIC_ANON,3,20,commons-collections,80ec288ee76bc278d70aa234cbea407a2c9e82a2,b29bae05ae39d4a960a0b4748e0a87cbfe3ddc88,src/test/java/org/apache/commons/collections4/splitmap/TransformedSplitMapTest.java,45,48,a2317f629915a2553a8a7bc8ee7a136cf12fb8d0,src/test/java/org/apache/commons/collections4/splitmap/TransformedSplitMapTest.java,NO_METHOD,NO_FIELD,fixed
D,RI_REDUNDANT_INTERFACES,3,20,commons-collections,b0e7365e0cd233ee93d05f620dc141992efdfcdc,bc85bab7a53a1569b4740c5b142b4dae062062de,src/main/java/org/apache/commons/collections4/multimap/MultiValuedHashMap.java,75,183,0721f49bf0d8b954c8a4b8d75e5375de43af981e,src/main/java/org/apache/commons/collections4/multimap/MultiValuedHashMap.java,NO_METHOD,NO_FIELD,fixed
D,RV_RETURN_VALUE_IGNORED_NO_SIDE_EFFECT,2,17,commons-collections,80ec288ee76bc278d70aa234cbea407a2c9e82a2,b29bae05ae39d4a960a0b4748e0a87cbfe3ddc88,src/test/java/org/apache/commons/collections4/SplitMapUtilsTest.java,165,165,a2317f629915a2553a8a7bc8ee7a136cf12fb8d0,src/test/java/org/apache/commons/collections4/SplitMapUtilsTest.java,run()V,NO_FIELD,fixed
D,RV_RETURN_VALUE_IGNORED_NO_SIDE_EFFECT,2,17,commons-collections,f2842e66da968f1fe12479ff7b7ea46878526bb6,7e392b90934e29435e7f6db4e6c417bf302a5db9,src/test/java/org/apache/commons/collections4/CollectionUtilsTest.java,1753,1753,4b8b5c7163ac8f16b1343ac3133f0feb7faffb39,src/test/java/org/apache/commons/collections4/CollectionUtilsTest.java,testRemoveAllNullBaseColl()V,NO_FIELD,fixed
P,DM_NUMBER_CTOR,2,18,commons-collections,f2842e66da968f1fe12479ff7b7ea46878526bb6,536566350c3213a38a483119c34b350a859214c9,src/test/java/org/apache/commons/collections4/IterableUtilsTest.java,488,488,12e9e5aae3c55d8d9db1288951d5ec75328cc701,src/test/java/org/apache/commons/collections4/IterableUtilsTest.java,lambda$testToString$4(Ljava/lang/Integer;)Ljava/lang/String;,NO_FIELD,fixed
D,RV_RETURN_VALUE_IGNORED_NO_SIDE_EFFECT,2,17,commons-collections,80ec288ee76bc278d70aa234cbea407a2c9e82a2,b29bae05ae39d4a960a0b4748e0a87cbfe3ddc88,src/test/java/org/apache/commons/collections4/SplitMapUtilsTest.java,141,141,a2317f629915a2553a8a7bc8ee7a136cf12fb8d0,src/test/java/org/apache/commons/collections4/SplitMapUtilsTest.java,run()V,NO_FIELD,fixed
P,SIC_INNER_SHOULD_BE_STATIC_ANON,3,20,commons-collections,80ec288ee76bc278d70aa234cbea407a2c9e82a2,b29bae05ae39d4a960a0b4748e0a87cbfe3ddc88,src/test/java/org/apache/commons/collections4/SplitMapUtilsTest.java,174,178,a2317f629915a2553a8a7bc8ee7a136cf12fb8d0,src/test/java/org/apache/commons/collections4/SplitMapUtilsTest.java,NO_METHOD,NO_FIELD,fixed
B,NM_CONFUSING,3,19,commons-collections,f2842e66da968f1fe12479ff7b7ea46878526bb6,69f06d60f69ada39ed211f590fa6a963d20fe3f5,src/test/java/org/apache/commons/collections4/CollectionUtilsTest.java,122,177,1826012c2a8c5bbf407ae8fab8443d06e5f9c462,src/test/java/org/apache/commons/collections4/CollectionUtilsTest.java,setUp()V,NO_FIELD,fixed
C,RC_REF_COMPARISON,3,6,commons-collections,80ec288ee76bc278d70aa234cbea407a2c9e82a2,f416d453af9c7b6f6a64003d439050c47a065cbd,src/test/java/org/apache/commons/collections4/keyvalue/MultiKeyTest.java,131,131,433229fd228bed96eb89d8814982b84541c600eb,src/test/java/org/apache/commons/collections4/keyvalue/MultiKeyTest.java,testGetIndexed()V,TWO,fixed
D,DLS_DEAD_LOCAL_STORE,2,17,commons-collections,469c04b14c393a9725cb10e9d22429870bb508a3,90f705e73270ef0c2c21bd14daf998bbe0d5ecc3,src/test/java/org/apache/commons/collections4/bloomfilter/CountingBloomFilterTest.java,123,123,9f4953f4cbb0963f838c004eda39847e55e3f219,src/test/java/org/apache/commons/collections4/bloomfilter/MapCountingBloomFilterTest.java,ConstructorTest_Map_CountsTest()V,NO_FIELD,fixed
D,DLS_DEAD_LOCAL_STORE,2,17,commons-collections,c423a9964fa8e17028b378abbe47a50907e6d189,b2b52ef972b14e6cf340d3dc3c55a0612151a377,src/test/java/org/apache/commons/collections4/CollectionUtilsTest.java,1503,1503,7eb78290c8d7d1fa379536700de0bd4a81320bb0,src/test/java/org/apache/commons/collections4/CollectionUtilsTest.java,testRemoveRangeStartIndexNegative()V,NO_FIELD,fixed
B,RC_REF_COMPARISON_BAD_PRACTICE,3,19,commons-collections,f2842e66da968f1fe12479ff7b7ea46878526bb6,ba85c69b536e667566266c1f12116c6e32b2b885,src/test/java/org/apache/commons/collections4/map/ReferenceIdentityMapTest.java,104,104,4a980fadc47e1983a7435ec4666763bd8bdea205,src/test/java/org/apache/commons/collections4/map/ReferenceIdentityMapTest.java,testBasics()V,I2B,fixed
D,RI_REDUNDANT_INTERFACES,3,20,commons-collections,15ad7824efda1e1632d24f4c273796863841c537,b1834e87a6d08358cf42cf4402fec5b8d3e5ad7f,src/main/java/org/apache/commons/collections4/bag/HashBag.java,50,78,69aa3946d2a6da812c44a4e7e7fe45087afe1cdc,src/main/java/org/apache/commons/collections4/bag/HashBag.java,NO_METHOD,NO_FIELD,fixed
D,UWF_FIELD_NOT_INITIALIZED_IN_CONSTRUCTOR,3,20,commons-collections,976d64583525e604c4e04ac57ff4c600d2c61bfe,a34da7bcf532488860e9fc4e56c228df95d62b61,src/test/java/org/apache/commons/collections4/bloomfilter/hasher/DynamicHasherTest.java,125,125,bbee9fbd9b7d4a392ea2a43e8413065195d1823a,src/test/java/org/apache/commons/collections4/bloomfilter/hasher/DynamicHasherTest.java,testGetBits_WrongShape()V,builder,fixed
D,NP_LOAD_OF_KNOWN_NULL_VALUE,3,19,commons-collections,80ec288ee76bc278d70aa234cbea407a2c9e82a2,4d4caa6a92797835ed46d4f8aff361ecf0ad1a18,src/test/java/org/apache/commons/collections4/MultiMapUtilsTest.java,87,87,477db84c1fc808b7f5ef709fcc114716ecb13fc0,src/test/java/org/apache/commons/collections4/MultiMapUtilsTest.java,testIsEmptyWithNull()V,NO_FIELD,fixed
D,SF_SWITCH_FALLTHROUGH,2,17,commons-collections,f2842e66da968f1fe12479ff7b7ea46878526bb6,7ea143a0f25791a23f73c34cab42977664f15ad8,src/main/java/org/apache/commons/collections4/map/Flat3Map.java,1265,1267,331ee240c2674da40afcec2a3c458c9809230c94,src/main/java/org/apache/commons/collections4/map/Flat3Map.java,toString()Ljava/lang/String;,NO_FIELD,fixed
P,SIC_INNER_SHOULD_BE_STATIC_ANON,3,20,commons-collections,80ec288ee76bc278d70aa234cbea407a2c9e82a2,b29bae05ae39d4a960a0b4748e0a87cbfe3ddc88,src/test/java/org/apache/commons/collections4/SplitMapUtilsTest.java,44,47,a2317f629915a2553a8a7bc8ee7a136cf12fb8d0,src/test/java/org/apache/commons/collections4/SplitMapUtilsTest.java,NO_METHOD,NO_FIELD,fixed
D,NP_LOAD_OF_KNOWN_NULL_VALUE,3,19,commons-collections,d0551d01b3d7e97aa5d8fb1ec91e648a93dab929,69f06d60f69ada39ed211f590fa6a963d20fe3f5,src/test/java/org/apache/commons/collections4/CollectionUtilsTest.java,784,784,1826012c2a8c5bbf407ae8fab8443d06e5f9c462,src/test/java/org/apache/commons/collections4/CollectionUtilsTest.java,testHashCodeNullCollection()V,NO_FIELD,fixed
C,RC_REF_COMPARISON,3,6,commons-collections,f2842e66da968f1fe12479ff7b7ea46878526bb6,69f06d60f69ada39ed211f590fa6a963d20fe3f5,src/test/java/org/apache/commons/collections4/CollectionUtilsTest.java,1675,1675,1826012c2a8c5bbf407ae8fab8443d06e5f9c462,src/test/java/org/apache/commons/collections4/CollectionUtilsTest.java,intersectionUsesMethodEquals()V,NO_FIELD,fixed
P,SIC_INNER_SHOULD_BE_STATIC_ANON,3,20,commons-collections,750b8797bff0c23d3df5d61bada988b98bfb3f73,879d382703540632f34e957a54b1b4c561d6bc00,src/test/java/org/apache/commons/collections4/bloomfilter/SparseBloomFilterTest.java,62,71,9a58c1bbdf7c65e71b33ab1ba406f1de5a8191df,src/test/java/org/apache/commons/collections4/bloomfilter/SparseBloomFilterTest.java,NO_METHOD,NO_FIELD,fixed
D,BC_VACUOUS_INSTANCEOF,2,17,commons-collections,80ec288ee76bc278d70aa234cbea407a2c9e82a2,68747912d250cdb8813b941ed65356a0bcc92135,src/test/java/org/apache/commons/collections4/IteratorUtilsTest.java,567,567,8accf274ba10b7ed0a6659c7f34bb45d72d7c4ce,src/test/java/org/apache/commons/collections4/IteratorUtilsTest.java,testEmptyListIterator()V,NO_FIELD,fixed
D,BC_VACUOUS_INSTANCEOF,2,17,commons-collections,80ec288ee76bc278d70aa234cbea407a2c9e82a2,68747912d250cdb8813b941ed65356a0bcc92135,src/test/java/org/apache/commons/collections4/IteratorUtilsTest.java,606,606,8accf274ba10b7ed0a6659c7f34bb45d72d7c4ce,src/test/java/org/apache/commons/collections4/IteratorUtilsTest.java,testEmptyMapIterator()V,NO_FIELD,fixed
D,NP_LOAD_OF_KNOWN_NULL_VALUE,3,19,commons-collections,f2842e66da968f1fe12479ff7b7ea46878526bb6,69f06d60f69ada39ed211f590fa6a963d20fe3f5,src/test/java/org/apache/commons/collections4/CollectionUtilsTest.java,2034,2034,1826012c2a8c5bbf407ae8fab8443d06e5f9c462,src/test/java/org/apache/commons/collections4/CollectionUtilsTest.java,testAddAllNullColl2()V,NO_FIELD,fixed
D,BC_VACUOUS_INSTANCEOF,2,17,commons-collections,c86c01a2e278c7977be3acffb88cd14c38005aee,c86c01a2e278c7977be3acffb88cd14c38005aee,src/test/java/org/apache/commons/collections4/IteratorUtilsTest.java,1207,1207,a2c789233b566a0fdb42b8b39030156517831ee6,src/test/java/org/apache/commons/collections4/IteratorUtilsTest.java,testPushBackIterator()V,NO_FIELD,fixed
D,DLS_DEAD_LOCAL_STORE,2,17,commons-collections,c86c01a2e278c7977be3acffb88cd14c38005aee,de7cb0105b574c98485f2f230a882000fc5f1480,src/test/java/org/apache/commons/collections4/IteratorUtilsTest.java,1358,1358,a963a123f73a0dde67d7c8f0c6ebb88a1e43aac4,src/test/java/org/apache/commons/collections4/IteratorUtilsTest.java,testLoopingIterator()V,NO_FIELD,fixed
D,BC_VACUOUS_INSTANCEOF,2,17,commons-collections,c86c01a2e278c7977be3acffb88cd14c38005aee,de7cb0105b574c98485f2f230a882000fc5f1480,src/test/java/org/apache/commons/collections4/IteratorUtilsTest.java,1359,1359,a963a123f73a0dde67d7c8f0c6ebb88a1e43aac4,src/test/java/org/apache/commons/collections4/IteratorUtilsTest.java,testLoopingIterator()V,NO_FIELD,fixed
D,UWF_FIELD_NOT_INITIALIZED_IN_CONSTRUCTOR,3,20,commons-collections,80ec288ee76bc278d70aa234cbea407a2c9e82a2,75c8ade02e53bcf18ad85ed96586ad55d4fa9706,src/test/java/org/apache/commons/collections4/SetUtilsTest.java,225,225,e6743fb61de173de62ab0eb2d1b4aab0d8027287,src/test/java/org/apache/commons/collections4/SetUtilsTest.java,difference()V,setB,fixed
B,RC_REF_COMPARISON_BAD_PRACTICE,3,19,commons-collections,f2842e66da968f1fe12479ff7b7ea46878526bb6,979d2727ae8df615292524b0b0ae0ff03ab261a9,src/test/java/org/apache/commons/collections4/map/ReferenceIdentityMapTest.java,104,104,7c4a4994cbb58313f8d6f7a39ec79b435f3b8b93,src/test/java/org/apache/commons/collections4/map/ReferenceIdentityMapTest.java,testBasics()V,I2B,fixed
P,SIC_INNER_SHOULD_BE_STATIC_ANON,3,20,commons-collections,80ec288ee76bc278d70aa234cbea407a2c9e82a2,b29bae05ae39d4a960a0b4748e0a87cbfe3ddc88,src/test/java/org/apache/commons/collections4/SplitMapUtilsTest.java,107,111,a2317f629915a2553a8a7bc8ee7a136cf12fb8d0,src/test/java/org/apache/commons/collections4/SplitMapUtilsTest.java,NO_METHOD,NO_FIELD,fixed
C,RC_REF_COMPARISON,3,6,commons-collections,80ec288ee76bc278d70aa234cbea407a2c9e82a2,f416d453af9c7b6f6a64003d439050c47a065cbd,src/test/java/org/apache/commons/collections4/keyvalue/MultiKeyTest.java,147,147,433229fd228bed96eb89d8814982b84541c600eb,src/test/java/org/apache/commons/collections4/keyvalue/MultiKeyTest.java,testGetKeysSimpleConstructor()V,TWO,fixed
I,DM_DEFAULT_ENCODING,1,19,commons-collections,750b8797bff0c23d3df5d61bada988b98bfb3f73,6ba199c691d1789c60c449c35cb07ed9a89f63e6,src/test/java/org/apache/commons/collections4/properties/EmptyPropertiesTest.java,312,312,f1e2c878b8df2d8794a58956babdcc8fa4d74f9c,src/test/java/org/apache/commons/collections4/properties/EmptyPropertiesTest.java,testStoreToOutputStream()V,NO_FIELD,fixed
P,SIC_INNER_SHOULD_BE_STATIC_ANON,3,20,commons-collections,80ec288ee76bc278d70aa234cbea407a2c9e82a2,b29bae05ae39d4a960a0b4748e0a87cbfe3ddc88,src/test/java/org/apache/commons/collections4/iterators/LazyIteratorChainTest.java,108,111,a2317f629915a2553a8a7bc8ee7a136cf12fb8d0,src/test/java/org/apache/commons/collections4/iterators/LazyIteratorChainTest.java,NO_METHOD,NO_FIELD,fixed
D,RI_REDUNDANT_INTERFACES,3,20,commons-collections,15ad7824efda1e1632d24f4c273796863841c537,b1834e87a6d08358cf42cf4402fec5b8d3e5ad7f,src/main/java/org/apache/commons/collections4/functors/AnyPredicate.java,54,110,69aa3946d2a6da812c44a4e7e7fe45087afe1cdc,src/main/java/org/apache/commons/collections4/functors/AnyPredicate.java,NO_METHOD,NO_FIELD,fixed
D,BC_VACUOUS_INSTANCEOF,2,17,commons-collections,a2c789233b566a0fdb42b8b39030156517831ee6,de7cb0105b574c98485f2f230a882000fc5f1480,src/test/java/org/apache/commons/collections4/IteratorUtilsTest.java,1339,1339,a963a123f73a0dde67d7c8f0c6ebb88a1e43aac4,src/test/java/org/apache/commons/collections4/IteratorUtilsTest.java,testAsIteratorNull()V,NO_FIELD,fixed
B,CO_COMPARETO_RESULTS_MIN_VALUE,2,16,commons-collections,80ec288ee76bc278d70aa234cbea407a2c9e82a2,b29bae05ae39d4a960a0b4748e0a87cbfe3ddc88,src/test/java/org/apache/commons/collections4/comparators/ComparatorChainTest.java,111,111,a2317f629915a2553a8a7bc8ee7a136cf12fb8d0,src/test/java/org/apache/commons/collections4/comparators/ComparatorChainTest.java,compare(Ljava/lang/Integer;Ljava/lang/Integer;)I,NO_FIELD,fixed
D,BC_VACUOUS_INSTANCEOF,2,17,commons-collections,864fda4370a8d1bbd942400dd899653fd5d85244,c86c01a2e278c7977be3acffb88cd14c38005aee,src/test/java/org/apache/commons/collections4/IteratorUtilsTest.java,855,855,a2c789233b566a0fdb42b8b39030156517831ee6,src/test/java/org/apache/commons/collections4/IteratorUtilsTest.java,testGetIterator()V,NO_FIELD,fixed
P,SIC_INNER_SHOULD_BE_STATIC_ANON,3,20,commons-collections,80ec288ee76bc278d70aa234cbea407a2c9e82a2,b29bae05ae39d4a960a0b4748e0a87cbfe3ddc88,src/test/java/org/apache/commons/collections4/IterableUtilsTest.java,516,520,a2317f629915a2553a8a7bc8ee7a136cf12fb8d0,src/test/java/org/apache/commons/collections4/IterableUtilsTest.java,NO_METHOD,NO_FIELD,fixed
D,BC_VACUOUS_INSTANCEOF,2,17,commons-collections,f2842e66da968f1fe12479ff7b7ea46878526bb6,b43d8a1733f6439d8a57850c413de99750144e45,src/test/java/org/apache/commons/collections4/IteratorUtilsTest.java,1109,1109,a82fa15727eb59117635b25d318383021e210092,src/test/java/org/apache/commons/collections4/IteratorUtilsTest.java,testObjectGraphIterator()V,NO_FIELD,fixed
P,SIC_INNER_SHOULD_BE_STATIC_ANON,3,20,commons-collections,80ec288ee76bc278d70aa234cbea407a2c9e82a2,b29bae05ae39d4a960a0b4748e0a87cbfe3ddc88,src/test/java/org/apache/commons/collections4/SplitMapUtilsTest.java,156,160,a2317f629915a2553a8a7bc8ee7a136cf12fb8d0,src/test/java/org/apache/commons/collections4/SplitMapUtilsTest.java,NO_METHOD,NO_FIELD,fixed
D,RV_RETURN_VALUE_IGNORED_NO_SIDE_EFFECT,2,17,commons-collections,80ec288ee76bc278d70aa234cbea407a2c9e82a2,b29bae05ae39d4a960a0b4748e0a87cbfe3ddc88,src/test/java/org/apache/commons/collections4/SplitMapUtilsTest.java,177,177,a2317f629915a2553a8a7bc8ee7a136cf12fb8d0,src/test/java/org/apache/commons/collections4/SplitMapUtilsTest.java,run()V,NO_FIELD,fixed
D,BC_VACUOUS_INSTANCEOF,2,17,commons-collections,f2842e66da968f1fe12479ff7b7ea46878526bb6,b43d8a1733f6439d8a57850c413de99750144e45,src/test/java/org/apache/commons/collections4/IteratorUtilsTest.java,990,990,a82fa15727eb59117635b25d318383021e210092,src/test/java/org/apache/commons/collections4/IteratorUtilsTest.java,testGetIterator()V,NO_FIELD,fixed
D,NP_LOAD_OF_KNOWN_NULL_VALUE,3,19,commons-collections,1826012c2a8c5bbf407ae8fab8443d06e5f9c462,7e392b90934e29435e7f6db4e6c417bf302a5db9,src/test/java/org/apache/commons/collections4/CollectionUtilsTest.java,1284,1284,4b8b5c7163ac8f16b1343ac3133f0feb7faffb39,src/test/java/org/apache/commons/collections4/CollectionUtilsTest.java,testContainsAnyInArrayNullColl2()V,NO_FIELD,fixed
D,BC_VACUOUS_INSTANCEOF,2,17,commons-collections,a2c789233b566a0fdb42b8b39030156517831ee6,de7cb0105b574c98485f2f230a882000fc5f1480,src/test/java/org/apache/commons/collections4/IteratorUtilsTest.java,1268,1268,a963a123f73a0dde67d7c8f0c6ebb88a1e43aac4,src/test/java/org/apache/commons/collections4/IteratorUtilsTest.java,testSingletonListIterator()V,NO_FIELD,fixed
D,DLS_DEAD_LOCAL_STORE,2,17,commons-collections,c423a9964fa8e17028b378abbe47a50907e6d189,b2b52ef972b14e6cf340d3dc3c55a0612151a377,src/test/java/org/apache/commons/collections4/CollectionUtilsTest.java,1574,1574,7eb78290c8d7d1fa379536700de0bd4a81320bb0,src/test/java/org/apache/commons/collections4/CollectionUtilsTest.java,testRemoveCountNegative()V,NO_FIELD,fixed
P,SIC_INNER_SHOULD_BE_STATIC_ANON,3,20,commons-collections,80ec288ee76bc278d70aa234cbea407a2c9e82a2,b29bae05ae39d4a960a0b4748e0a87cbfe3ddc88,src/test/java/org/apache/commons/collections4/SplitMapUtilsTest.java,144,148,a2317f629915a2553a8a7bc8ee7a136cf12fb8d0,src/test/java/org/apache/commons/collections4/SplitMapUtilsTest.java,NO_METHOD,NO_FIELD,fixed
D,BC_VACUOUS_INSTANCEOF,2,17,commons-collections,c86c01a2e278c7977be3acffb88cd14c38005aee,c86c01a2e278c7977be3acffb88cd14c38005aee,src/test/java/org/apache/commons/collections4/IteratorUtilsTest.java,1266,1266,a2c789233b566a0fdb42b8b39030156517831ee6,src/test/java/org/apache/commons/collections4/IteratorUtilsTest.java,testZippingIterator()V,NO_FIELD,fixed
D,UC_USELESS_OBJECT,2,17,commons-collections,f2842e66da968f1fe12479ff7b7ea46878526bb6,7e392b90934e29435e7f6db4e6c417bf302a5db9,src/test/java/org/apache/commons/collections4/CollectionUtilsTest.java,1758,1758,4b8b5c7163ac8f16b1343ac3133f0feb7faffb39,src/test/java/org/apache/commons/collections4/CollectionUtilsTest.java,testRemoveAllNullSubColl()V,NO_FIELD,fixed
B,SE_BAD_FIELD_INNER_CLASS,3,19,commons-collections,80ec288ee76bc278d70aa234cbea407a2c9e82a2,2ec7843b940424bdb7e0cf0093062dff67946d5d,src/test/java/org/apache/commons/collections4/list/SetUniqueListTest.java,587,589,dc828f8b16a4e34d474b2470041eb0d757853a09,src/test/java/org/apache/commons/collections4/list/SetUniqueListTest.java,NO_METHOD,NO_FIELD,fixed
C,INT_BAD_COMPARISON_WITH_NONNEGATIVE_VALUE,2,7,commons-collections,f0f364fd9d946483f947011a3557c1e6f2e5d8ee,49a5c0a4eec04e5f372c8a6c07d6a5efdc17122a,src/main/java/org/apache/commons/collections4/ListUtils.java,676,676,55e8eac25d81f07bebb16d812c97edaf1393083f,src/main/java/org/apache/commons/collections4/ListUtils.java,get(I)Ljava/util/List;,NO_FIELD,fixed
C,RC_REF_COMPARISON,3,6,commons-collections,80ec288ee76bc278d70aa234cbea407a2c9e82a2,f416d453af9c7b6f6a64003d439050c47a065cbd,src/test/java/org/apache/commons/collections4/keyvalue/MultiKeyTest.java,130,130,433229fd228bed96eb89d8814982b84541c600eb,src/test/java/org/apache/commons/collections4/keyvalue/MultiKeyTest.java,testGetIndexed()V,ONE,fixed
I,DM_DEFAULT_ENCODING,1,19,commons-collections,750b8797bff0c23d3df5d61bada988b98bfb3f73,6ba199c691d1789c60c449c35cb07ed9a89f63e6,src/test/java/org/apache/commons/collections4/properties/EmptyPropertiesTest.java,342,342,f1e2c878b8df2d8794a58956babdcc8fa4d74f9c,src/test/java/org/apache/commons/collections4/properties/EmptyPropertiesTest.java,testStoreToXMLOutputStream()V,NO_FIELD,fixed
P,DM_FP_NUMBER_CTOR,3,20,commons-collections,f2842e66da968f1fe12479ff7b7ea46878526bb6,473bb29aea2ac42287a755ac65f0488d11766de8,src/test/java/org/apache/commons/collections4/collection/AbstractCollectionTest.java,431,431,e21ed0b99bfc9fcb4b90fe06bf74b95e8182e507,src/test/java/org/apache/commons/collections4/collection/AbstractCollectionTest.java,getFullNonNullElements()[Ljava/lang/Object;,NO_FIELD,fixed
P,UPM_UNCALLED_PRIVATE_METHOD,3,20,commons-collections,f2842e66da968f1fe12479ff7b7ea46878526bb6,ba85c69b536e667566266c1f12116c6e32b2b885,src/test/java/org/apache/commons/collections4/map/ReferenceIdentityMapTest.java,325,330,4a980fadc47e1983a7435ec4666763bd8bdea205,src/test/java/org/apache/commons/collections4/map/ReferenceIdentityMapTest.java,gc()V,NO_FIELD,fixed
D,NP_LOAD_OF_KNOWN_NULL_VALUE,3,19,commons-collections,1826012c2a8c5bbf407ae8fab8443d06e5f9c462,7e392b90934e29435e7f6db4e6c417bf302a5db9,src/test/java/org/apache/commons/collections4/CollectionUtilsTest.java,1307,1307,4b8b5c7163ac8f16b1343ac3133f0feb7faffb39,src/test/java/org/apache/commons/collections4/CollectionUtilsTest.java,testContainsAnyNullColl3()V,NO_FIELD,fixed
P,DM_NUMBER_CTOR,2,18,commons-collections,80ec288ee76bc278d70aa234cbea407a2c9e82a2,4d4caa6a92797835ed46d4f8aff361ecf0ad1a18,src/test/java/org/apache/commons/collections4/PredicateUtilsTest.java,90,90,477db84c1fc808b7f5ef709fcc114716ecb13fc0,src/test/java/org/apache/commons/collections4/PredicateUtilsTest.java,testIdentityPredicate()V,NO_FIELD,fixed
D,UWF_FIELD_NOT_INITIALIZED_IN_CONSTRUCTOR,3,20,commons-collections,f2842e66da968f1fe12479ff7b7ea46878526bb6,b43d8a1733f6439d8a57850c413de99750144e45,src/test/java/org/apache/commons/collections4/sequence/SequencesComparatorTest.java,41,41,a82fa15727eb59117635b25d318383021e210092,src/test/java/org/apache/commons/collections4/sequence/SequencesComparatorTest.java,testLength()V,length,fixed
D,BC_VACUOUS_INSTANCEOF,2,17,commons-collections,a2c789233b566a0fdb42b8b39030156517831ee6,de7cb0105b574c98485f2f230a882000fc5f1480,src/test/java/org/apache/commons/collections4/IteratorUtilsTest.java,1368,1368,a963a123f73a0dde67d7c8f0c6ebb88a1e43aac4,src/test/java/org/apache/commons/collections4/IteratorUtilsTest.java,testLoopingListIterator()V,NO_FIELD,fixed
P,SIC_INNER_SHOULD_BE_STATIC_ANON,3,20,commons-collections,80ec288ee76bc278d70aa234cbea407a2c9e82a2,b29bae05ae39d4a960a0b4748e0a87cbfe3ddc88,src/test/java/org/apache/commons/collections4/CollectionUtilsTest.java,736,740,a2317f629915a2553a8a7bc8ee7a136cf12fb8d0,src/test/java/org/apache/commons/collections4/CollectionUtilsTest.java,NO_METHOD,NO_FIELD,fixed
D,BC_VACUOUS_INSTANCEOF,2,17,commons-collections,a2c789233b566a0fdb42b8b39030156517831ee6,de7cb0105b574c98485f2f230a882000fc5f1480,src/test/java/org/apache/commons/collections4/IteratorUtilsTest.java,1237,1237,a963a123f73a0dde67d7c8f0c6ebb88a1e43aac4,src/test/java/org/apache/commons/collections4/IteratorUtilsTest.java,testPeekingIterator()V,NO_FIELD,fixed
C,RC_REF_COMPARISON,3,6,commons-collections,80ec288ee76bc278d70aa234cbea407a2c9e82a2,f416d453af9c7b6f6a64003d439050c47a065cbd,src/test/java/org/apache/commons/collections4/keyvalue/MultiKeyTest.java,146,146,433229fd228bed96eb89d8814982b84541c600eb,src/test/java/org/apache/commons/collections4/keyvalue/MultiKeyTest.java,testGetKeysSimpleConstructor()V,ONE,fixed
D,NP_LOAD_OF_KNOWN_NULL_VALUE,3,19,commons-collections,1826012c2a8c5bbf407ae8fab8443d06e5f9c462,7e392b90934e29435e7f6db4e6c417bf302a5db9,src/test/java/org/apache/commons/collections4/CollectionUtilsTest.java,1195,1195,4b8b5c7163ac8f16b1343ac3133f0feb7faffb39,src/test/java/org/apache/commons/collections4/CollectionUtilsTest.java,testAddAllNullColl3()V,NO_FIELD,fixed
P,SIC_INNER_SHOULD_BE_STATIC_ANON,3,20,commons-collections,80ec288ee76bc278d70aa234cbea407a2c9e82a2,b29bae05ae39d4a960a0b4748e0a87cbfe3ddc88,src/test/java/org/apache/commons/collections4/IterableUtilsTest.java,376,379,a2317f629915a2553a8a7bc8ee7a136cf12fb8d0,src/test/java/org/apache/commons/collections4/IterableUtilsTest.java,NO_METHOD,NO_FIELD,fixed
D,BC_VACUOUS_INSTANCEOF,2,17,commons-collections,a2c789233b566a0fdb42b8b39030156517831ee6,de7cb0105b574c98485f2f230a882000fc5f1480,src/test/java/org/apache/commons/collections4/IteratorUtilsTest.java,1414,1414,a963a123f73a0dde67d7c8f0c6ebb88a1e43aac4,src/test/java/org/apache/commons/collections4/IteratorUtilsTest.java,testFilteredListIterator()V,NO_FIELD,fixed
P,SIC_INNER_SHOULD_BE_STATIC_ANON,3,20,commons-collections,80ec288ee76bc278d70aa234cbea407a2c9e82a2,b29bae05ae39d4a960a0b4748e0a87cbfe3ddc88,src/test/java/org/apache/commons/collections4/iterators/FilterListIteratorTest.java,87,90,a2317f629915a2553a8a7bc8ee7a136cf12fb8d0,src/test/java/org/apache/commons/collections4/iterators/FilterListIteratorTest.java,NO_METHOD,NO_FIELD,fixed
D,BC_VACUOUS_INSTANCEOF,2,17,commons-collections,a2c789233b566a0fdb42b8b39030156517831ee6,de7cb0105b574c98485f2f230a882000fc5f1480,src/test/java/org/apache/commons/collections4/IteratorUtilsTest.java,1263,1263,a963a123f73a0dde67d7c8f0c6ebb88a1e43aac4,src/test/java/org/apache/commons/collections4/IteratorUtilsTest.java,testSingletonIterator()V,NO_FIELD,fixed
D,RI_REDUNDANT_INTERFACES,3,20,commons-collections,15ad7824efda1e1632d24f4c273796863841c537,b1834e87a6d08358cf42cf4402fec5b8d3e5ad7f,src/main/java/org/apache/commons/collections4/functors/NonePredicate.java,52,100,69aa3946d2a6da812c44a4e7e7fe45087afe1cdc,src/main/java/org/apache/commons/collections4/functors/NonePredicate.java,NO_METHOD,NO_FIELD,fixed
D,RI_REDUNDANT_INTERFACES,3,20,commons-collections,15ad7824efda1e1632d24f4c273796863841c537,b1834e87a6d08358cf42cf4402fec5b8d3e5ad7f,src/main/java/org/apache/commons/collections4/map/UnmodifiableMap.java,63,156,69aa3946d2a6da812c44a4e7e7fe45087afe1cdc,src/main/java/org/apache/commons/collections4/map/UnmodifiableMap.java,NO_METHOD,NO_FIELD,fixed
D,RI_REDUNDANT_INTERFACES,3,20,commons-collections,15ad7824efda1e1632d24f4c273796863841c537,b1834e87a6d08358cf42cf4402fec5b8d3e5ad7f,src/main/java/org/apache/commons/collections4/trie/PatriciaTrie.java,58,68,69aa3946d2a6da812c44a4e7e7fe45087afe1cdc,src/main/java/org/apache/commons/collections4/trie/PatriciaTrie.java,NO_METHOD,NO_FIELD,fixed
D,RV_RETURN_VALUE_IGNORED_NO_SIDE_EFFECT,2,17,commons-collections,80ec288ee76bc278d70aa234cbea407a2c9e82a2,b29bae05ae39d4a960a0b4748e0a87cbfe3ddc88,src/test/java/org/apache/commons/collections4/SplitMapUtilsTest.java,171,171,a2317f629915a2553a8a7bc8ee7a136cf12fb8d0,src/test/java/org/apache/commons/collections4/SplitMapUtilsTest.java,run()V,NO_FIELD,fixed
P,DM_FP_NUMBER_CTOR,3,20,commons-collections,f2842e66da968f1fe12479ff7b7ea46878526bb6,473bb29aea2ac42287a755ac65f0488d11766de8,src/test/java/org/apache/commons/collections4/collection/AbstractCollectionTest.java,456,456,e21ed0b99bfc9fcb4b90fe06bf74b95e8182e507,src/test/java/org/apache/commons/collections4/collection/AbstractCollectionTest.java,getOtherNonNullElements()[Ljava/lang/Object;,NO_FIELD,fixed
C,RC_REF_COMPARISON,3,6,commons-collections,80ec288ee76bc278d70aa234cbea407a2c9e82a2,4d4caa6a92797835ed46d4f8aff361ecf0ad1a18,src/test/java/org/apache/commons/collections4/CollectionUtilsTest.java,1596,1596,477db84c1fc808b7f5ef709fcc114716ecb13fc0,src/test/java/org/apache/commons/collections4/CollectionUtilsTest.java,intersectionUsesMethodEquals()V,NO_FIELD,fixed
V,EI_EXPOSE_REP,2,18,commons-collections,f2842e66da968f1fe12479ff7b7ea46878526bb6,dc01c2583a6d77242862f92b38908d1fc28e90de,src/test/java/org/apache/commons/collections4/set/AbstractNavigableSetTest.java,259,259,af2e247545176c8a9160c1f495f3494d18f20316,src/test/java/org/apache/commons/collections4/set/AbstractNavigableSetTest.java,getOtherElements()[Ljava/lang/Object;,m_OtherElements,fixed
D,BC_VACUOUS_INSTANCEOF,2,17,commons-collections,c86c01a2e278c7977be3acffb88cd14c38005aee,c86c01a2e278c7977be3acffb88cd14c38005aee,src/test/java/org/apache/commons/collections4/IteratorUtilsTest.java,1248,1248,a2c789233b566a0fdb42b8b39030156517831ee6,src/test/java/org/apache/commons/collections4/IteratorUtilsTest.java,testSingletonListIterator()V,NO_FIELD,fixed
D,UC_USELESS_OBJECT,2,17,commons-collections,c86c01a2e278c7977be3acffb88cd14c38005aee,de7cb0105b574c98485f2f230a882000fc5f1480,src/test/java/org/apache/commons/collections4/IteratorUtilsTest.java,1354,1354,a963a123f73a0dde67d7c8f0c6ebb88a1e43aac4,src/test/java/org/apache/commons/collections4/IteratorUtilsTest.java,testLoopingIterator()V,NO_FIELD,fixed
P,SIC_INNER_SHOULD_BE_STATIC_ANON,3,20,commons-collections,80ec288ee76bc278d70aa234cbea407a2c9e82a2,75c8ade02e53bcf18ad85ed96586ad55d4fa9706,src/test/java/org/apache/commons/collections4/SetUtilsTest.java,115,118,e6743fb61de173de62ab0eb2d1b4aab0d8027287,src/test/java/org/apache/commons/collections4/SetUtilsTest.java,NO_METHOD,NO_FIELD,fixed
D,RV_RETURN_VALUE_IGNORED_NO_SIDE_EFFECT,2,17,commons-collections,80ec288ee76bc278d70aa234cbea407a2c9e82a2,b29bae05ae39d4a960a0b4748e0a87cbfe3ddc88,src/test/java/org/apache/commons/collections4/SplitMapUtilsTest.java,153,153,a2317f629915a2553a8a7bc8ee7a136cf12fb8d0,src/test/java/org/apache/commons/collections4/SplitMapUtilsTest.java,run()V,NO_FIELD,fixed
D,BC_VACUOUS_INSTANCEOF,2,17,commons-collections,f2842e66da968f1fe12479ff7b7ea46878526bb6,7e392b90934e29435e7f6db4e6c417bf302a5db9,src/test/java/org/apache/commons/collections4/IteratorUtilsTest.java,675,675,4b8b5c7163ac8f16b1343ac3133f0feb7faffb39,src/test/java/org/apache/commons/collections4/IteratorUtilsTest.java,testEmptyListIterator()V,NO_FIELD,fixed
D,RI_REDUNDANT_INTERFACES,3,20,commons-collections,15ad7824efda1e1632d24f4c273796863841c537,b1834e87a6d08358cf42cf4402fec5b8d3e5ad7f,src/main/java/org/apache/commons/collections4/set/ListOrderedSet.java,53,361,69aa3946d2a6da812c44a4e7e7fe45087afe1cdc,src/main/java/org/apache/commons/collections4/set/ListOrderedSet.java,NO_METHOD,NO_FIELD,fixed
P,DM_NUMBER_CTOR,3,20,commons-collections,80ec288ee76bc278d70aa234cbea407a2c9e82a2,2ec7843b940424bdb7e0cf0093062dff67946d5d,src/test/java/org/apache/commons/collections4/list/SetUniqueListTest.java,198,198,dc828f8b16a4e34d474b2470041eb0d757853a09,src/test/java/org/apache/commons/collections4/list/SetUniqueListTest.java,verify()V,NO_FIELD,fixed
D,NP_LOAD_OF_KNOWN_NULL_VALUE,3,19,commons-collections,f2842e66da968f1fe12479ff7b7ea46878526bb6,69f06d60f69ada39ed211f590fa6a963d20fe3f5,src/test/java/org/apache/commons/collections4/CollectionUtilsTest.java,2048,2048,1826012c2a8c5bbf407ae8fab8443d06e5f9c462,src/test/java/org/apache/commons/collections4/CollectionUtilsTest.java,testAddAllNullColl4()V,NO_FIELD,fixed
P,SIC_INNER_SHOULD_BE_STATIC_ANON,3,20,commons-collections,80ec288ee76bc278d70aa234cbea407a2c9e82a2,b29bae05ae39d4a960a0b4748e0a87cbfe3ddc88,src/test/java/org/apache/commons/collections4/splitmap/TransformedSplitMapTest.java,38,41,a2317f629915a2553a8a7bc8ee7a136cf12fb8d0,src/test/java/org/apache/commons/collections4/splitmap/TransformedSplitMapTest.java,NO_METHOD,NO_FIELD,fixed
P,DM_NUMBER_CTOR,2,18,commons-collections,80ec288ee76bc278d70aa234cbea407a2c9e82a2,b29bae05ae39d4a960a0b4748e0a87cbfe3ddc88,src/test/java/org/apache/commons/collections4/IterableUtilsTest.java,541,541,a2317f629915a2553a8a7bc8ee7a136cf12fb8d0,src/test/java/org/apache/commons/collections4/IterableUtilsTest.java,transform(Ljava/lang/Integer;)Ljava/lang/String;,NO_FIELD,fixed
C,RC_REF_COMPARISON,3,6,commons-collections,80ec288ee76bc278d70aa234cbea407a2c9e82a2,2ec7843b940424bdb7e0cf0093062dff67946d5d,src/test/java/org/apache/commons/collections4/list/SetUniqueListTest.java,575,575,dc828f8b16a4e34d474b2470041eb0d757853a09,src/test/java/org/apache/commons/collections4/list/SetUniqueListTest.java,testSetCollections444()V,NO_FIELD,fixed
D,BC_VACUOUS_INSTANCEOF,2,17,commons-collections,f2842e66da968f1fe12479ff7b7ea46878526bb6,210b461d24a92be239bf81df12c9421c39911148,src/test/java/org/apache/commons/collections4/IteratorUtilsTest.java,677,677,e7f0d1372fdd72f38736116d7ba52eb15c4dca14,src/test/java/org/apache/commons/collections4/IteratorUtilsTest.java,testEmptyListIterator()V,NO_FIELD,fixed
P,SIC_INNER_SHOULD_BE_STATIC_ANON,3,20,commons-collections,80ec288ee76bc278d70aa234cbea407a2c9e82a2,b29bae05ae39d4a960a0b4748e0a87cbfe3ddc88,src/test/java/org/apache/commons/collections4/IterableUtilsTest.java,538,541,a2317f629915a2553a8a7bc8ee7a136cf12fb8d0,src/test/java/org/apache/commons/collections4/IterableUtilsTest.java,NO_METHOD,NO_FIELD,fixed
P,SIC_INNER_SHOULD_BE_STATIC_ANON,3,20,commons-collections,e6743fb61de173de62ab0eb2d1b4aab0d8027287,b29bae05ae39d4a960a0b4748e0a87cbfe3ddc88,src/test/java/org/apache/commons/collections4/SetUtilsTest.java,234,237,a2317f629915a2553a8a7bc8ee7a136cf12fb8d0,src/test/java/org/apache/commons/collections4/SetUtilsTest.java,NO_METHOD,NO_FIELD,fixed
P,DM_STRING_CTOR,2,18,commons-collections,f2842e66da968f1fe12479ff7b7ea46878526bb6,12e9e5aae3c55d8d9db1288951d5ec75328cc701,src/test/java/org/apache/commons/collections4/sequence/SequencesComparatorTest.java,110,110,e013bd8d77014d5f7db81ae477a6181e510abd86,src/test/java/org/apache/commons/collections4/sequence/SequencesComparatorTest.java,testShadok()V,NO_FIELD,fixed
P,DM_STRING_CTOR,2,18,commons-collections,f2842e66da968f1fe12479ff7b7ea46878526bb6,12e9e5aae3c55d8d9db1288951d5ec75328cc701,src/test/java/org/apache/commons/collections4/collection/AbstractCollectionTest.java,426,426,e013bd8d77014d5f7db81ae477a6181e510abd86,src/test/java/org/apache/commons/collections4/collection/AbstractCollectionTest.java,getFullNonNullElements()[Ljava/lang/Object;,NO_FIELD,fixed
D,RI_REDUNDANT_INTERFACES,3,20,commons-collections,15ad7824efda1e1632d24f4c273796863841c537,b1834e87a6d08358cf42cf4402fec5b8d3e5ad7f,src/main/java/org/apache/commons/collections4/map/FixedSizeSortedMap.java,75,179,69aa3946d2a6da812c44a4e7e7fe45087afe1cdc,src/main/java/org/apache/commons/collections4/map/FixedSizeSortedMap.java,NO_METHOD,NO_FIELD,fixed
P,DM_NUMBER_CTOR,2,18,commons-collections,f2842e66da968f1fe12479ff7b7ea46878526bb6,473bb29aea2ac42287a755ac65f0488d11766de8,src/test/java/org/apache/commons/collections4/collection/AbstractCollectionTest.java,438,438,e21ed0b99bfc9fcb4b90fe06bf74b95e8182e507,src/test/java/org/apache/commons/collections4/collection/AbstractCollectionTest.java,getFullNonNullElements()[Ljava/lang/Object;,NO_FIELD,fixed
